CustomerID,Gender,Age, Annual Income ($) ,Spending Score (1-100),Profession,Work Experience,Family Size
1,Male,19," 15,000.00 ",39,Healthcare,1,4
2,Male,21," 35,000.00 ",81,Engineer,3,3
3,Female,20," 86,000.00 ",6,Engineer,1,1
4,Female,23," 59,000.00 ",77,Lawyer,0,2
5,Female,31," 38,000.00 ",40,Entertainment,2,6
6,Female,22," 58,000.00 ",76,Artist,0,2
7,Female,35," 31,000.00 ",6,Healthcare,1,3
8,Female,23," 84,000.00 ",94,Healthcare,1,3
9,Male,64," 97,000.00 ",3,Engineer,0,3
10,Female,30," 98,000.00 ",72,Artist,1,4
11,Male,67," 7,000.00 ",14,Engineer,1,3
12,Female,35," 93,000.00 ",99,Healthcare,4,4
13,Female,58," 80,000.00 ",15,Executive,0,5
14,Female,24," 91,000.00 ",77,Lawyer,1,1
15,Male,37," 19,000.00 ",13,Doctor,0,1
16,Male,22," 51,000.00 ",79,Healthcare,1,2
17,Female,35," 29,000.00 ",35,Homemaker,9,5
18,Male,20," 89,000.00 ",66,Healthcare,1,6
19,Male,52," 20,000.00 ",29,Entertainment,1,4
20,Female,35," 62,000.00 ",98,Artist,0,1
21,Male,35," 96,000.00 ",35,Homemaker,12,1
22,Male,25," 4,000.00 ",73,Healthcare,3,4
23,Female,46," 42,000.00 ",5,Artist,13,2
24,Male,31," 71,000.00 ",73,Artist,5,2
25,Female,54," 67,000.00 ",14,Executive,1,3
26,Male,29," 52,000.00 ",82,Artist,1,3
27,Female,45," 68,000.00 ",32,Healthcare,9,8
28,Male,35," 78,000.00 ",61,Artist,1,3
29,Female,40," 18,000.00 ",31,Artist,0,1
30,Female,23," 20,000.00 ",87,Artist,5,4
31,Male,60," 39,000.00 ",4,Artist,0,3
32,Female,21," 34,000.00 ",73,Doctor,1,2
33,Male,53," 59,000.00 ",4,Healthcare,1,3
34,Male,18," 62,000.00 ",92,Homemaker,9,7
35,Female,49," 91,000.00 ",14,Lawyer,1,2
36,Female,21," 95,000.00 ",81,Healthcare,3,4
37,Female,42," 14,000.00 ",17,Doctor,5,1
38,Female,30," 62,000.00 ",73,Healthcare,1,5
39,Female,36," 9,000.00 ",26,Artist,8,2
40,Female,20," 69,000.00 ",75,Artist,8,2
41,Female,65," 25,000.00 ",35,Artist,4,1
42,Male,24," 85,000.00 ",92,Healthcare,0,2
43,Male,48," 22,000.00 ",36,Artist,14,3
44,Female,31," 33,000.00 ",61,Artist,1,2
45,Female,49," 72,000.00 ",28,Engineer,8,1
46,Female,24," 3,000.00 ",65,Lawyer,4,2
47,Female,50," 52,000.00 ",55,Artist,0,4
48,Female,27," 71,000.00 ",47,Healthcare,12,1
49,Female,29," 78,000.00 ",42,Healthcare,0,4
50,Female,31," 25,000.00 ",42,Engineer,1,1
51,Female,49," 88,000.00 ",52,Artist,1,2
52,Male,33," 97,000.00 ",60,Artist,1,2
53,Female,31," 74,000.00 ",54,Artist,1,1
54,Male,59," 68,000.00 ",60,Entertainment,0,2
55,Female,50," 18,000.00 ",45,Marketing,1,1
56,Male,47," 95,000.00 ",41,Artist,14,2
57,Female,51," 71,000.00 ",50,Healthcare,9,4
58,Male,69," 8,000.00 ",46,Doctor,8,2
59,Female,27," 57,000.00 ",51,Artist,1,3
60,Male,53," 89,000.00 ",46,Lawyer,1,6
61,Male,70," 84,000.00 ",56,Artist,0,2
62,Male,19," 50,000.00 ",55,Artist,9,2
63,Female,67," 50,000.00 ",52,Lawyer,0,3
64,Female,54," 48,000.00 ",59,Lawyer,1,2
65,Male,63," 63,000.00 ",51,Lawyer,7,2
66,Male,18," 9,000.00 ",59,Entertainment,0,2
67,Female,43," 3,000.00 ",50,Doctor,0,2
68,Female,68," 82,000.00 ",48,Artist,8,4
69,Male,19," 81,000.00 ",59,Artist,0,4
70,Female,32," 97,000.00 ",47,Homemaker,2,2
71,Male,70," 91,000.00 ",55,Healthcare,8,2
72,Female,47," 9,000.00 ",42,Entertainment,8,2
73,Female,60," 44,000.00 ",49,Artist,0,5
74,Female,60," 10,000.00 ",56,Healthcare,8,4
75,Male,59," 89,000.00 ",47,Artist,0,4
76,Male,26," 49,000.00 ",54,Homemaker,0,3
77,Female,45," 67,000.00 ",53,Doctor,0,2
78,Male,40," 99,000.00 ",48,Artist,4,3
79,Female,23," 97,000.00 ",52,Engineer,2,2
80,Female,49," 98,000.00 ",42,,1,1
81,Male,57," 52,000.00 ",51,Healthcare,0,4
82,Male,38," 61,000.00 ",55,Healthcare,6,3
83,Male,67," 120,000.00 ",41,Artist,8,1
84,Female,46," 34,000.00 ",44,Entertainment,8,4
85,Female,21," 24,000.00 ",57,Marketing,1,3
86,Male,48," 31,000.00 ",46,Healthcare,7,5
87,Female,55," 11,000.00 ",58,Artist,0,3
88,Female,22," 55,000.00 ",55,Artist,5,2
89,Female,34," 76,000.00 ",60,Entertainment,7,3
90,Female,50," 56,000.00 ",46,Doctor,0,2
91,Female,68," 46,000.00 ",55,Entertainment,0,3
92,Male,18," 36,000.00 ",41,Artist,1,4
93,Male,48," 88,000.00 ",49,Artist,1,2
94,Female,40," 31,000.00 ",40,Entertainment,1,2
95,Female,32," 24,000.00 ",42,Artist,0,1
96,Male,24," 80,000.00 ",52,Artist,10,1
97,Female,47," 2,000.00 ",47,Artist,0,1
98,Female,27," 67,000.00 ",50,Artist,0,2
99,Male,48," 58,000.00 ",42,Doctor,1,2
100,Male,20," 80,000.00 ",49,Engineer,3,3
101,Female,23," 65,000.00 ",41,Artist,0,4
102,Female,49," 4,000.00 ",48,Executive,1,7
103,Male,67," 98,000.00 ",59,Artist,0,3
104,Male,26," 52,000.00 ",55,Executive,0,5
105,Male,49," 86,000.00 ",56,Healthcare,10,2
106,Female,21," 82,000.00 ",42,Doctor,1,2
107,Female,66," 43,000.00 ",50,Homemaker,3,2
108,Male,54," 78,000.00 ",46,Lawyer,1,1
109,Male,68," 13,000.00 ",43,Healthcare,6,5
110,Male,66," 13,000.00 ",48,Healthcare,9,3
111,Male,65," 34,000.00 ",52,Entertainment,4,4
112,Female,19," 25,000.00 ",54,Artist,0,1
113,Female,38," 71,000.00 ",42,Doctor,1,5
114,Male,19," 2,000.00 ",46,Artist,1,1
115,Female,18," 97,000.00 ",48,Executive,0,3
116,Female,19," 51,000.00 ",50,Executive,8,4
117,Female,63," 9,000.00 ",43,Lawyer,1,1
118,Female,49," 79,000.00 ",59,Artist,0,2
119,Female,51," 84,000.00 ",43,,2,7
120,Female,50," 87,000.00 ",57,Artist,1,2
121,Male,27," 36,000.00 ",56,Executive,0,3
122,Female,38," 50,000.00 ",40,Executive,1,4
123,Female,40," 97,000.00 ",58,Engineer,9,4
124,Male,39," 6,000.00 ",91,Healthcare,1,3
125,Female,23," 12,000.00 ",29,Entertainment,9,2
126,Female,31," 46,000.00 ",77,Marketing,1,2
127,Male,43," 89,000.00 ",35,Engineer,0,7
128,Male,40," 4,000.00 ",95,Artist,0,2
129,Male,59," 38,000.00 ",11,Engineer,0,2
130,Male,38," 64,000.00 ",75,Entertainment,8,5
131,Male,47," 66,000.00 ",9,Executive,9,5
132,Male,39," 26,000.00 ",75,Lawyer,0,2
133,Female,25," 41,000.00 ",34,Healthcare,6,4
134,Female,31," 45,000.00 ",71,Artist,5,1
135,Male,20," 89,000.00 ",5,Engineer,1,2
136,Female,29," 92,000.00 ",88,Executive,5,5
137,Female,44," 76,000.00 ",7,Artist,5,2
138,Male,32," 85,000.00 ",73,Artist,3,4
139,Male,19," 22,000.00 ",10,Marketing,8,4
140,Female,35," 15,000.00 ",72,Artist,4,4
141,Female,57," 32,000.00 ",5,Engineer,0,2
142,Male,32," 66,000.00 ",93,Artist,0,5
143,Female,28," 62,000.00 ",40,Doctor,5,3
144,Female,32," 85,000.00 ",87,Lawyer,1,2
145,Male,25," 71,000.00 ",12,Engineer,0,5
146,Male,28," 26,000.00 ",97,Marketing,8,5
147,Male,48," 52,000.00 ",36,Engineer,9,2
148,Female,32," 38,000.00 ",74,Lawyer,1,1
149,Female,34," 51,000.00 ",22,Healthcare,7,4
150,Male,34," 90,000.00 ",90,Artist,6,3
151,Male,43," 30,000.00 ",17,Lawyer,0,9
152,Male,39," 41,000.00 ",88,Engineer,0,1
153,Female,44," 17,000.00 ",20,Engineer,0,2
154,Female,38," 92,000.00 ",76,Artist,2,2
155,Female,47," 80,000.00 ",16,Healthcare,0,4
156,Female,27," 10,000.00 ",89,Marketing,8,4
157,Male,37," 16,000.00 ",1,Executive,1,1
158,Female,30," 87,000.00 ",78,Artist,3,4
159,Male,34," 66,000.00 ",1,Lawyer,1,2
160,Female,30," 86,000.00 ",73,Artist,3,3
161,Female,56," 9,000.00 ",35,Artist,1,1
162,Female,29," 50,000.00 ",83,Healthcare,1,5
163,Male,19," 35,000.00 ",5,Executive,0,5
164,Female,31," 58,000.00 ",93,Healthcare,1,5
165,Male,50," 47,000.00 ",26,Doctor,0,2
166,Female,36," 54,000.00 ",75,Artist,5,3
167,Male,42," 79,000.00 ",20,Homemaker,9,3
168,Female,33," 83,000.00 ",95,Artist,0,5
169,Female,36," 57,000.00 ",27,Artist,0,3
170,Male,32, -   ,63,Artist,2,2
171,Male,40," 69,000.00 ",13,Artist,3,5
172,Male,28," 4,000.00 ",75,Executive,0,2
173,Male,36," 79,000.00 ",10,Lawyer,0,2
174,Male,36," 99,000.00 ",92,Artist,5,2
175,Female,52," 20,000.00 ",13,Lawyer,0,2
176,Female,30," 28,000.00 ",86,Artist,3,4
177,Male,58," 29,000.00 ",15,Engineer,11,1
178,Male,27," 45,000.00 ",69,Healthcare,2,6
179,Male,59," 86,000.00 ",14,Healthcare,4,3
180,Male,35," 42,000.00 ",90,Engineer,8,1
181,Female,37," 59,000.00 ",32,Artist,7,2
182,Female,32," 61,000.00 ",86,Entertainment,7,5
183,Male,46," 11,000.00 ",15,Artist,7,1
184,Female,29," 66,000.00 ",88,Artist,4,4
185,Female,41," 39,000.00 ",39,Artist,1,1
186,Male,30," 72,000.00 ",97,Artist,6,2
187,Female,54," 14,000.00 ",24,Lawyer,1,2
188,Male,28," 44,000.00 ",68,Doctor,5,3
189,Female,41," 76,000.00 ",17,Engineer,8,2
190,Female,36," 95,000.00 ",85,Artist,4,2
191,Female,34," 92,000.00 ",23,Artist,5,3
192,Female,32," 98,000.00 ",69,Artist,8,2
193,Male,33," 96,000.00 ",8,Executive,9,2
194,Female,38," 45,000.00 ",91,Artist,10,4
195,Female,47," 8,000.00 ",16,Artist,7,2
196,Female,35," 46,000.00 ",79,Executive,1,3
197,Female,45," 78,000.00 ",28,Artist,0,2
198,Male,32," 4,000.00 ",74,Artist,1,5
199,Male,32," 81,000.00 ",18,Executive,1,2
200,Male,30," 33,000.00 ",83,Artist,4,2
201,Female,21," 40,000.00 ",10,Healthcare,0,3
202,Male,34," 85,000.00 ",16,Healthcare,9,3
203,Female,16," 60,000.00 ",0,Engineer,6,8
204,Female,76," 60,000.00 ",39,Healthcare,4,2
205,Female,62," 63,000.00 ",59,Entertainment,0,2
206,Female,63," 10,000.00 ",52,Healthcare,8,3
207,Female,19," 55,000.00 ",61,Healthcare,0,3
208,Male,46," 93,000.00 ",12,Artist,2,1
209,Female,48," 15,000.00 ",7,Doctor,0,2
210,Female,80," 39,000.00 ",33,Engineer,9,4
211,Female,1," 57,000.00 ",93,Engineer,1,2
212,Female,0," 22,000.00 ",92,Artist,2,1
213,Male,86," 12,000.00 ",70,Marketing,2,4
214,Male,49," 50,000.00 ",82,Lawyer,8,1
215,Male,48," 95,000.00 ",68,Doctor,2,4
216,Female,46," 66,000.00 ",70,Healthcare,3,3
217,Male,79," 20,000.00 ",40,Doctor,6,2
218,Female,83," 35,000.00 ",99,Doctor,8,2
219,Female,66," 71,000.00 ",34,Executive,9,2
220,Female,59," 76,000.00 ",61,,9,1
221,Female,39," 84,000.00 ",33,Artist,5,3
222,Female,95," 72,000.00 ",51,Engineer,4,2
223,Male,43," 33,000.00 ",55,Artist,4,3
224,Female,93," 93,000.00 ",37,Healthcare,1,5
225,Female,40," 83,000.00 ",48,Homemaker,4,1
226,Female,78," 23,000.00 ",8,Engineer,1,1
227,Female,25," 40,000.00 ",77,Artist,5,4
228,Male,76," 89,000.00 ",86,Healthcare,9,4
229,Male,0," 33,000.00 ",64,Marketing,1,1
230,Male,15," 94,000.00 ",30,Healthcare,7,2
231,Female,6," 93,000.00 ",53,Lawyer,8,2
232,Male,84," 7,000.00 ",28,Healthcare,0,4
233,Female,67," 18,000.00 ",88,Lawyer,0,2
234,Female,78," 3,000.00 ",14,Healthcare,0,4
235,Female,4," 84,000.00 ",54,Artist,9,1
236,Female,29," 62,000.00 ",34,Healthcare,0,4
237,Male,91," 9,000.00 ",96,Healthcare,1,5
238,Male,95," 36,000.00 ",35,,0,4
239,Male,55," 37,000.00 ",74,Lawyer,1,4
240,Female,14," 50,000.00 ",11,Artist,1,2
241,Male,92," 83,000.00 ",16,Executive,1,5
242,Female,65," 79,000.00 ",17,Artist,0,3
243,Female,84," 40,000.00 ",14,Healthcare,1,4
244,Female,77," 47,000.00 ",58,Artist,0,6
245,Female,53," 4,000.00 ",20,Artist,0,4
246,Female,28," 38,000.00 ",75,Entertainment,7,2
247,Male,23, -   ,96,Doctor,1,3
248,Female,32," 7,000.00 ",16,Artist,1,2
249,Female,37," 41,000.00 ",2,Artist,1,2
250,Female,89," 65,000.00 ",0,Engineer,0,5
251,Male,80," 20,000.00 ",93,Engineer,1,3
252,Female,27," 44,000.00 ",65,Doctor,8,1
253,Female,78," 3,000.00 ",14,Artist,5,4
254,Female,86," 72,000.00 ",13,Lawyer,7,3
255,Female,46," 27,000.00 ",32,Engineer,4,4
256,Male,59," 85,000.00 ",49,Lawyer,4,2
257,Male,12," 38,000.00 ",18,Executive,10,1
258,Male,79," 73,000.00 ",96,Homemaker,6,7
259,Female,79," 64,000.00 ",64,Artist,2,3
260,Male,26," 26,000.00 ",60,Executive,6,4
261,Female,63," 47,000.00 ",16,Artist,2,3
262,Female,52," 35,000.00 ",85,Doctor,2,6
263,Female,32," 31,000.00 ",24,Lawyer,2,3
264,Female,64," 13,000.00 ",38,Engineer,3,4
265,Female,37," 79,000.00 ",10,Homemaker,1,7
266,Male,7," 82,000.00 ",39,Entertainment,2,2
267,Female,40," 28,000.00 ",68,Artist,1,1
268,Female,78," 36,000.00 ",79,Artist,0,3
269,Female,34," 8,000.00 ",76,Entertainment,6,6
270,Female,52," 88,000.00 ",39,Artist,1,2
271,Male,94," 91,000.00 ",36,Entertainment,0,4
272,Female,1," 12,000.00 ",82,Doctor,0,3
273,Female,96," 1,000.00 ",76,Entertainment,0,3
274,Female,18," 143,000.00 ",99,Artist,0,2
275,Female,37," 18,000.00 ",57,Artist,1,2
276,Male,78," 65,000.00 ",89,Lawyer,1,2
277,Male,16," 9,000.00 ",88,Executive,7,4
278,Male,93," 95,000.00 ",21,Artist,1,1
279,Female,74," 78,000.00 ",12,Engineer,9,3
280,Male,68," 48,000.00 ",73,Healthcare,3,3
281,Female,32," 63,000.00 ",87,Executive,1,4
282,Female,43," 85,000.00 ",63,Marketing,1,2
283,Female,52," 43,000.00 ",58,Artist,1,3
284,Female,63," 74,000.00 ",20,Artist,1,2
285,Female,33," 67,000.00 ",11,Healthcare,0,1
286,Male,86," 59,000.00 ",40,Artist,0,1
287,Female,85," 140,000.00 ",84,Entertainment,1,1
288,Female,73," 31,000.00 ",47,Healthcare,1,2
289,Female,21," 5,000.00 ",91,Marketing,0,1
290,Female,93," 19,000.00 ",58,Engineer,1,3
291,Male,9," 27,000.00 ",62,Entertainment,7,1
292,Female,10," 68,000.00 ",80,Doctor,6,3
293,Male,11," 38,000.00 ",66,Artist,8,8
294,Female,48," 50,000.00 ",36,Engineer,6,4
295,Female,73," 80,000.00 ",73,Entertainment,2,2
296,Female,66," 69,000.00 ",43,Executive,9,3
297,Female,79," 31,000.00 ",91,Engineer,3,3
298,Male,62," 87,000.00 ",41,Doctor,6,2
299,Male,17," 79,000.00 ",16,Artist,1,3
300,Male,32," 32,000.00 ",86,Entertainment,5,2
301,Male,85," 153,787.00 ",100,Entertainment,3,3
302,Male,31," 95,851.00 ",16,Healthcare,5,2
303,Female,31," 145,015.00 ",73,Healthcare,6,3
304,Female,38," 148,539.00 ",7,Healthcare,5,2
305,Female,90," 117,319.00 ",21,Lawyer,1,2
306,Female,65," 180,243.00 ",26,Marketing,6,2
307,Female,63," 165,052.00 ",12,Artist,4,2
308,Female,61," 120,487.00 ",14,Doctor,0,2
309,Male,26," 112,766.00 ",83,Engineer,8,4
310,Female,17," 156,488.00 ",65,Engineer,1,4
311,Male,56," 97,562.00 ",15,Executive,5,6
312,Female,12," 77,501.00 ",30,Engineer,5,4
313,Female,24," 118,302.00 ",100,Lawyer,5,1
314,Female,13," 64,277.00 ",9,Executive,9,4
315,Male,12," 53,927.00 ",77,Doctor,2,3
316,Male,72," 93,921.00 ",93,Lawyer,9,2
317,Female,54," 132,046.00 ",8,Homemaker,4,4
318,Male,45," 183,217.00 ",91,Artist,7,2
319,Male,66," 182,937.00 ",44,Marketing,8,1
320,Female,27," 68,272.00 ",56,Healthcare,8,4
321,Male,36," 69,841.00 ",21,Engineer,10,2
322,Male,5," 69,078.00 ",60,Lawyer,13,1
323,Female,89," 110,667.00 ",100,Healthcare,2,4
324,Male,13," 95,469.00 ",94,Doctor,6,1
325,Female,91," 102,861.00 ",40,Artist,4,1
326,Male,16," 133,551.00 ",7,Artist,3,1
327,Female,63," 64,589.00 ",90,Engineer,7,1
328,Male,52," 152,755.00 ",39,Engineer,4,2
329,Female,37," 92,313.00 ",58,Healthcare,1,5
330,Female,78," 98,922.00 ",2,Artist,2,3
331,Male,24," 165,846.00 ",33,Engineer,0,4
332,Female,4," 93,713.00 ",62,Engineer,3,4
333,Male,84," 137,641.00 ",67,Healthcare,0,5
334,Male,0," 173,743.00 ",96,Artist,0,4
335,Female,67," 116,126.00 ",58,Entertainment,10,2
336,Female,32," 112,246.00 ",30,Healthcare,8,3
337,Female,39," 69,384.00 ",75,Healthcare,1,5
338,Female,68," 76,529.00 ",62,Healthcare,0,2
339,Female,7," 123,804.00 ",28,Doctor,14,1
340,Female,76," 68,292.00 ",55,Artist,8,2
341,Female,84," 173,185.00 ",99,Artist,3,1
342,Male,75," 142,034.00 ",82,Entertainment,1,4
343,Male,22," 107,941.00 ",61,Artist,0,1
344,Female,90," 149,840.00 ",61,Engineer,1,1
345,Female,4," 148,431.00 ",99,Healthcare,1,8
346,Female,78," 126,599.00 ",84,Lawyer,0,3
347,Female,58," 57,180.00 ",22,Healthcare,9,1
348,Female,99," 184,426.00 ",41,Artist,9,1
349,Female,24," 151,085.00 ",39,Marketing,2,5
350,Female,88," 166,107.00 ",98,Artist,13,4
351,Female,92," 67,850.00 ",91,Artist,9,4
352,Male,99," 173,394.00 ",4,Engineer,13,1
353,Female,51," 72,303.00 ",98,Lawyer,7,1
354,Male,23," 181,760.00 ",35,Healthcare,14,3
355,Female,13," 146,858.00 ",75,Doctor,9,1
356,Male,22," 172,923.00 ",20,Engineer,6,1
357,Female,89," 115,811.00 ",87,Homemaker,11,4
358,Male,20," 184,324.00 ",51,Marketing,13,5
359,Female,72," 67,353.00 ",19,Lawyer,9,3
360,Male,17," 165,999.00 ",71,Healthcare,9,3
361,Male,90," 164,914.00 ",18,Artist,8,3
362,Male,99," 63,364.00 ",61,Entertainment,1,2
363,Female,39," 182,352.00 ",73,Engineer,4,3
364,Female,37," 148,544.00 ",56,Entertainment,1,2
365,Male,46," 62,833.00 ",85,Artist,1,2
366,Male,65," 120,627.00 ",72,Healthcare,0,2
367,Female,60," 130,898.00 ",30,Artist,1,1
368,Female,93," 103,130.00 ",74,Executive,12,3
369,Male,72," 106,681.00 ",15,Healthcare,9,5
370,Female,36," 87,353.00 ",25,Entertainment,1,5
371,Male,52," 88,046.00 ",61,Artist,8,1
372,Female,72," 98,168.00 ",49,Entertainment,1,2
373,Female,28," 178,265.00 ",5,Lawyer,2,1
374,Female,48," 167,232.00 ",92,Doctor,6,4
375,Male,85," 140,478.00 ",43,Doctor,6,4
376,Male,22," 159,296.00 ",83,Artist,8,1
377,Female,30," 144,043.00 ",78,Doctor,1,1
378,Male,46," 72,594.00 ",64,Artist,1,2
379,Female,82," 180,288.00 ",77,Artist,2,2
380,Female,73," 165,734.00 ",51,Entertainment,0,1
381,Male,8," 175,407.00 ",2,Artist,5,1
382,Male,90," 70,201.00 ",8,Engineer,0,2
383,Male,34," 91,503.00 ",26,Artist,0,6
384,Female,10," 184,522.00 ",43,Artist,0,2
385,Female,79," 143,560.00 ",83,Artist,1,3
386,Male,83," 131,574.00 ",97,Artist,1,2
387,Female,20," 151,124.00 ",18,Artist,15,3
388,Female,25," 67,447.00 ",5,Artist,15,2
389,Female,26," 117,454.00 ",8,Healthcare,16,2
390,Female,18," 86,203.00 ",23,Doctor,13,1
391,Female,7," 136,231.00 ",10,Artist,7,1
392,Male,1," 89,144.00 ",1,Doctor,12,2
393,Male,21," 119,116.00 ",30,Artist,17,4
394,Female,86," 163,463.00 ",31,Artist,9,4
395,Female,75," 151,696.00 ",82,Artist,15,1
396,Male,78," 184,736.00 ",52,Lawyer,13,1
397,Female,87," 70,419.00 ",69,Homemaker,6,4
398,Female,8," 119,104.00 ",41,Entertainment,14,3
399,Male,59," 130,950.00 ",28,Executive,5,3
400,Male,13," 140,950.00 ",77,Artist,15,2
401,Female,55," 82,285.00 ",35,Engineer,16,1
402,Female,50," 91,389.00 ",92,Healthcare,11,7
403,Male,54," 186,359.00 ",95,Doctor,13,2
404,Male,13," 178,989.00 ",46,Doctor,14,3
405,Male,79," 166,335.00 ",45,Engineer,5,5
406,Female,65," 119,889.00 ",11,Artist,17,6
407,Female,51," 66,852.00 ",73,Executive,15,3
408,Male,18," 103,896.00 ",36,Executive,16,4
409,Male,21," 187,761.00 ",87,Healthcare,2,3
410,Male,37," 102,717.00 ",93,Healthcare,7,4
411,Male,83," 102,647.00 ",83,Entertainment,0,2
412,Female,96," 113,585.00 ",31,Lawyer,0,4
413,Female,65," 86,509.00 ",88,Artist,0,4
414,Male,80," 59,099.00 ",44,Marketing,1,7
415,Female,75," 135,088.00 ",5,Lawyer,1,5
416,Female,87," 110,870.00 ",78,Engineer,1,4
417,Female,86," 187,667.00 ",12,Artist,0,1
418,Female,36," 124,614.00 ",25,Artist,8,5
419,Female,78," 166,492.00 ",40,Homemaker,9,7
420,Female,62," 172,758.00 ",69,Entertainment,1,2
421,Male,89," 122,430.00 ",19,Healthcare,1,1
422,Female,56," 183,540.00 ",96,Entertainment,0,6
423,Female,35," 96,484.00 ",34,Artist,5,4
424,Male,33," 112,587.00 ",71,Artist,1,4
425,Female,58," 155,672.00 ",71,Entertainment,7,7
426,Female,68," 72,847.00 ",93,Artist,1,2
427,Male,38," 71,897.00 ",32,Entertainment,2,3
428,Male,31," 158,479.00 ",57,Doctor,1,5
429,Male,90," 89,251.00 ",4,Entertainment,1,1
430,Male,28," 179,911.00 ",24,Engineer,1,1
431,Male,1," 111,558.00 ",85,Healthcare,7,4
432,Male,78," 127,615.00 ",78,Executive,10,7
433,Female,23," 50,076.00 ",32,Artist,3,5
434,Female,25," 77,779.00 ",62,Artist,4,1
435,Male,59," 169,999.00 ",38,Engineer,5,5
436,Female,7," 106,581.00 ",76,Doctor,1,7
437,Female,24," 78,223.00 ",41,Lawyer,0,1
438,Male,76," 136,259.00 ",14,,0,7
439,Male,37," 153,399.00 ",93,Entertainment,1,6
440,Female,6," 162,858.00 ",91,Artist,0,1
441,Female,0," 57,373.00 ",29,,0,7
442,Male,3," 133,602.00 ",47,Artist,1,1
443,Female,95," 66,322.00 ",88,Artist,0,3
444,Female,0," 68,761.00 ",16,Lawyer,1,4
445,Male,7," 70,749.00 ",86,Artist,13,3
446,Male,54," 65,874.00 ",87,Artist,7,6
447,Male,89," 115,996.00 ",24,Engineer,15,1
448,Female,58," 67,097.00 ",91,Engineer,6,1
449,Female,12," 108,027.00 ",64,Artist,13,5
450,Male,7," 176,349.00 ",80,Healthcare,8,2
451,Male,11," 88,452.00 ",40,Healthcare,8,6
452,Male,74," 128,266.00 ",55,Engineer,7,4
453,Female,64," 156,777.00 ",20,Healthcare,7,2
454,Female,48," 123,234.00 ",50,Lawyer,10,7
455,Female,8," 60,790.00 ",38,Artist,1,5
456,Female,15," 181,332.00 ",99,Artist,14,6
457,Male,1," 187,297.00 ",7,Artist,0,1
458,Female,21," 153,885.00 ",86,Artist,6,6
459,Male,84," 53,500.00 ",44,Marketing,3,4
460,Female,5," 69,443.00 ",28,Doctor,4,6
461,Female,47," 124,072.00 ",56,Lawyer,0,7
462,Female,96," 135,800.00 ",29,Healthcare,0,7
463,Male,93," 120,597.00 ",96,Artist,2,4
464,Female,16," 91,358.00 ",11,Entertainment,1,4
465,Male,56," 53,231.00 ",41,Marketing,0,5
466,Female,76," 156,330.00 ",31,Engineer,1,2
467,Male,0," 186,002.00 ",80,Doctor,15,2
468,Female,70," 111,760.00 ",53,Executive,12,5
469,Female,47," 143,906.00 ",12,Artist,4,3
470,Male,13," 182,410.00 ",22,Healthcare,11,4
471,Male,86," 98,463.00 ",46,Homemaker,10,5
472,Male,91," 93,762.00 ",28,Artist,15,7
473,Male,97," 104,582.00 ",50,Healthcare,8,2
474,Male,20," 130,813.00 ",92,Artist,17,5
475,Female,11," 59,202.00 ",92,Healthcare,5,4
476,Female,28," 79,968.00 ",45,Lawyer,9,2
477,Male,32," 104,824.00 ",42,Artist,0,7
478,Male,82," 188,719.00 ",30,Lawyer,0,6
479,Male,39," 187,536.00 ",66,Healthcare,3,6
480,Male,7," 134,008.00 ",85,Entertainment,2,1
481,Female,13," 176,397.00 ",71,Artist,6,3
482,Female,34," 154,888.00 ",43,Healthcare,9,6
483,Male,76," 155,622.00 ",81,Healthcare,0,2
484,Female,30," 62,330.00 ",60,Healthcare,1,1
485,Female,69," 112,838.00 ",34,Healthcare,1,7
486,Male,22," 58,283.00 ",59,Homemaker,2,4
487,Female,60," 77,857.00 ",81,Artist,1,6
488,Male,66," 125,024.00 ",25,Artist,0,1
489,Female,57," 136,242.00 ",34,Artist,9,1
490,Female,60," 81,934.00 ",81,Healthcare,1,4
491,Female,59," 130,511.00 ",97,Artist,3,4
492,Female,54," 144,502.00 ",88,Lawyer,3,1
493,Male,90," 63,769.00 ",6,Artist,4,2
494,Female,14," 66,760.00 ",20,Artist,0,4
495,Female,34," 135,115.00 ",54,Entertainment,1,7
496,Female,85," 179,877.00 ",17,Healthcare,12,4
497,Female,83," 93,351.00 ",65,Doctor,1,1
498,Male,12," 84,547.00 ",96,Homemaker,3,3
499,Male,95," 121,725.00 ",3,,12,3
500,Male,41," 65,723.00 ",91,Artist,6,7
501,Female,38," 96,794.00 ",96,Healthcare,6,3
502,Male,68," 72,352.00 ",61,Healthcare,8,5
503,Female,4," 53,097.00 ",21,Healthcare,0,7
504,Female,5," 144,831.00 ",17,Artist,1,3
505,Female,3," 183,851.00 ",10,Doctor,1,2
506,Female,20," 111,896.00 ",90,Executive,1,3
507,Female,3," 64,824.00 ",30,Executive,1,1
508,Male,36," 88,565.00 ",16,Healthcare,1,5
509,Female,70," 104,974.00 ",63,Artist,1,1
510,Female,17," 167,060.00 ",47,Artist,1,5
511,Female,31," 69,018.00 ",17,Artist,6,1
512,Female,48," 174,109.00 ",96,Entertainment,0,1
513,Male,28," 62,186.00 ",29,Marketing,0,1
514,Male,97," 183,783.00 ",70,Healthcare,9,3
515,Male,81," 83,771.00 ",1,Artist,1,2
516,Female,37," 148,196.00 ",91,Artist,0,2
517,Male,85," 131,742.00 ",87,Entertainment,1,1
518,Female,78," 59,971.00 ",94,Homemaker,14,7
519,Female,13," 88,960.00 ",2,Entertainment,13,3
520,Female,53," 140,107.00 ",38,Healthcare,1,5
521,Female,41," 161,896.00 ",49,Entertainment,1,3
522,Female,9," 57,272.00 ",60,Engineer,1,1
523,Male,20," 119,952.00 ",2,Healthcare,8,2
524,Female,98," 167,197.00 ",63,Doctor,1,5
525,Female,44," 186,116.00 ",2,Healthcare,8,6
526,Female,66," 134,677.00 ",59,Healthcare,15,5
527,Female,58," 180,479.00 ",74,Healthcare,0,3
528,Male,97," 112,783.00 ",21,Artist,9,6
529,Male,13," 150,258.00 ",17,Doctor,0,3
530,Male,48," 115,832.00 ",92,Artist,2,2
531,Female,47," 104,834.00 ",44,Artist,0,7
532,Male,93," 152,571.00 ",66,Doctor,14,5
533,Female,11," 162,287.00 ",45,Engineer,3,2
534,Female,68," 171,761.00 ",59,Doctor,1,6
535,Female,87," 77,709.00 ",73,Artist,0,1
536,Female,22," 95,053.00 ",17,Entertainment,1,2
537,Male,89," 74,820.00 ",33,Doctor,1,2
538,Male,57," 152,267.00 ",92,Engineer,9,5
539,Male,91," 71,925.00 ",14,Artist,4,2
540,Female,84," 151,340.00 ",95,Artist,1,7
541,Male,56," 162,921.00 ",51,Executive,0,4
542,Female,26," 52,234.00 ",30,Executive,1,2
543,Female,56," 100,271.00 ",87,Artist,1,5
544,Female,6," 170,266.00 ",23,Artist,3,2
545,Female,33," 88,763.00 ",1,Entertainment,1,1
546,Female,89," 107,359.00 ",26,,10,6
547,Male,99," 164,781.00 ",83,Engineer,0,2
548,Female,25," 156,016.00 ",85,Artist,2,1
549,Female,96," 186,882.00 ",40,Entertainment,1,7
550,Female,35," 99,300.00 ",88,Homemaker,5,2
551,Male,16," 58,127.00 ",65,Marketing,0,3
552,Female,81," 89,211.00 ",12,Doctor,1,7
553,Female,7," 148,607.00 ",59,Homemaker,1,7
554,Female,31," 139,592.00 ",62,Marketing,1,1
555,Female,16," 172,051.00 ",62,Healthcare,1,3
556,Male,89," 57,033.00 ",99,Artist,0,4
557,Male,84," 117,612.00 ",63,Engineer,0,6
558,Male,40," 185,321.00 ",96,Artist,0,7
559,Female,17," 186,577.00 ",5,Healthcare,8,5
560,Male,0," 151,298.00 ",89,Artist,0,6
561,Female,69," 123,925.00 ",52,Artist,1,7
562,Female,17," 169,496.00 ",12,Lawyer,11,6
563,Female,0," 142,892.00 ",25,Entertainment,8,1
564,Female,34," 58,979.00 ",3,Entertainment,9,5
565,Female,51," 141,416.00 ",100,Healthcare,15,1
566,Male,54," 104,854.00 ",67,Healthcare,1,7
567,Female,19," 180,331.00 ",14,Artist,17,5
568,Female,99," 172,896.00 ",13,Engineer,0,3
569,Female,2," 101,451.00 ",82,Healthcare,4,3
570,Female,91," 189,974.00 ",37,Engineer,8,1
571,Male,65," 90,084.00 ",65,Artist,1,6
572,Female,47," 112,247.00 ",24,Executive,4,5
573,Female,91," 181,775.00 ",61,Artist,4,5
574,Female,64," 59,088.00 ",31,Artist,1,3
575,Female,91," 60,856.00 ",23,Artist,1,6
576,Male,32," 149,900.00 ",34,Artist,6,3
577,Male,15," 142,776.00 ",98,Engineer,8,5
578,Male,22," 162,598.00 ",84,Artist,8,3
579,Female,37," 146,195.00 ",89,Healthcare,4,4
580,Male,83," 135,268.00 ",53,Lawyer,4,5
581,Female,89," 136,037.00 ",1,Marketing,5,1
582,Female,33," 111,191.00 ",67,Artist,9,4
583,Female,13," 144,111.00 ",62,Entertainment,12,5
584,Female,71," 177,359.00 ",56,Doctor,6,2
585,Female,10," 112,818.00 ",85,Marketing,15,7
586,Male,49," 53,509.00 ",98,Artist,5,4
587,Female,9," 168,269.00 ",75,Executive,10,2
588,Female,53," 86,766.00 ",2,Lawyer,16,3
589,Female,63," 52,661.00 ",25,Healthcare,12,5
590,Female,46," 148,520.00 ",14,Healthcare,11,5
591,Male,42," 149,936.00 ",52,Artist,15,3
592,Female,73," 102,296.00 ",31,Entertainment,7,5
593,Male,75," 178,416.00 ",16,Executive,10,7
594,Female,49," 83,788.00 ",41,Doctor,15,1
595,Female,96," 184,771.00 ",77,Engineer,8,5
596,Female,52," 70,302.00 ",88,Executive,14,3
597,Female,15," 58,639.00 ",51,Entertainment,5,7
598,Male,91," 97,879.00 ",40,Entertainment,15,7
599,Male,22," 64,707.00 ",29,Entertainment,7,3
600,Male,62," 71,795.00 ",87,Healthcare,8,1
601,Male,41," 76,567.00 ",85,Doctor,16,1
602,Male,61," 126,370.00 ",20,,11,4
603,Female,71," 154,007.00 ",32,Artist,7,7
604,Female,91," 69,720.00 ",78,Lawyer,17,6
605,Female,94," 85,265.00 ",68,Executive,7,6
606,Female,3," 155,864.00 ",31,Healthcare,13,3
607,Female,15," 99,421.00 ",72,Artist,8,7
608,Female,96," 145,457.00 ",57,Executive,2,1
609,Male,12," 118,041.00 ",77,Artist,9,2
610,Female,23," 73,759.00 ",83,Doctor,0,7
611,Male,94," 90,082.00 ",17,Artist,5,7
612,Female,7," 74,928.00 ",12,Artist,0,6
613,Female,74," 101,352.00 ",36,Lawyer,0,5
614,Female,52," 93,947.00 ",81,Healthcare,9,2
615,Male,39," 134,629.00 ",23,Engineer,1,6
616,Male,72," 101,858.00 ",70,Healthcare,8,6
617,Female,55," 165,501.00 ",47,Artist,10,4
618,Male,29," 135,931.00 ",74,Lawyer,5,1
619,Male,38," 103,356.00 ",20,Marketing,1,6
620,Female,44," 75,195.00 ",79,Artist,1,3
621,Male,58," 123,083.00 ",44,Entertainment,6,5
622,Male,77," 73,884.00 ",30,Healthcare,1,2
623,Female,56," 91,180.00 ",61,Entertainment,1,7
624,Male,79," 86,235.00 ",52,Artist,0,2
625,Female,97," 96,400.00 ",4,Doctor,1,7
626,Male,78," 83,599.00 ",12,Healthcare,1,6
627,Female,91," 82,535.00 ",50,Healthcare,0,1
628,Male,35," 92,227.00 ",8,Lawyer,0,5
629,Female,43," 150,444.00 ",27,Artist,13,4
630,Female,37," 149,095.00 ",83,Lawyer,1,2
631,Male,63," 113,605.00 ",42,Artist,3,3
632,Female,16," 93,854.00 ",82,Healthcare,0,7
633,Male,32," 118,280.00 ",92,Artist,0,5
634,Male,91," 94,576.00 ",90,Artist,0,1
635,Female,33," 129,257.00 ",70,Executive,6,3
636,Female,57," 70,373.00 ",10,Healthcare,2,6
637,Female,43," 77,600.00 ",66,Healthcare,0,1
638,Female,26," 113,707.00 ",97,Entertainment,0,5
639,Female,59," 189,672.00 ",8,Doctor,0,7
640,Female,61," 143,180.00 ",58,Artist,0,5
641,Female,59," 174,890.00 ",14,Marketing,3,4
642,Male,66," 121,377.00 ",19,,7,7
643,Male,26," 154,857.00 ",13,Healthcare,0,7
644,Female,67," 160,945.00 ",51,Healthcare,0,5
645,Female,85," 119,557.00 ",35,Artist,0,2
646,Female,76," 187,141.00 ",33,Doctor,0,7
647,Female,57," 97,468.00 ",22,Artist,0,1
648,Female,77," 160,351.00 ",77,Lawyer,8,5
649,Female,66," 178,627.00 ",94,Healthcare,1,2
650,Female,49," 170,188.00 ",80,Lawyer,1,6
651,Female,36," 166,007.00 ",40,Doctor,1,4
652,Male,74," 91,794.00 ",83,Entertainment,0,7
653,Female,16," 189,072.00 ",86,Artist,6,3
654,Male,27," 152,717.00 ",15,Executive,1,6
655,Female,3," 158,549.00 ",98,Executive,0,3
656,Male,31," 134,263.00 ",94,Marketing,1,3
657,Female,30," 148,236.00 ",28,Executive,1,1
658,Male,94," 171,677.00 ",81,Artist,0,6
659,Female,31," 189,446.00 ",38,Artist,1,6
660,Male,49," 106,633.00 ",53,Artist,0,3
661,Male,49," 81,084.00 ",48,Executive,6,5
662,Male,53," 148,759.00 ",52,Doctor,7,7
663,Female,3," 117,638.00 ",95,Healthcare,2,7
664,Female,91," 159,537.00 ",37,Doctor,4,1
665,Male,26," 79,526.00 ",6,Marketing,9,7
666,Male,28," 101,414.00 ",64,,8,1
667,Female,92," 109,519.00 ",72,Entertainment,1,4
668,Female,59," 156,880.00 ",70,Artist,0,7
669,Male,15," 157,278.00 ",58,Artist,0,6
670,Female,23," 144,916.00 ",84,Engineer,1,7
671,Male,54," 59,163.00 ",100,Marketing,3,3
672,Female,93," 93,991.00 ",49,Artist,1,3
673,Female,65," 58,318.00 ",45,Doctor,1,1
674,Female,13," 180,786.00 ",88,Lawyer,1,5
675,Male,71," 84,622.00 ",45,Doctor,0,6
676,Male,1," 92,674.00 ",59,Artist,8,4
677,Female,57," 87,553.00 ",94,Artist,1,1
678,Male,14," 74,174.00 ",79,Entertainment,1,2
679,Female,77," 180,831.00 ",33,Healthcare,1,2
680,Female,89," 137,397.00 ",33,Doctor,1,7
681,Male,17," 96,154.00 ",100,Artist,1,4
682,Male,86," 172,477.00 ",69,Entertainment,1,3
683,Male,42," 59,954.00 ",37,Executive,4,4
684,Female,29," 112,240.00 ",95,Entertainment,0,4
685,Female,54," 145,679.00 ",35,Artist,0,2
686,Male,96," 136,265.00 ",49,Artist,12,5
687,Female,58," 74,869.00 ",12,Healthcare,0,3
688,Female,52," 109,425.00 ",46,Engineer,0,1
689,Female,3," 126,015.00 ",57,Healthcare,0,1
690,Female,13," 156,951.00 ",66,Healthcare,4,7
691,Female,3," 127,172.00 ",68,Healthcare,1,2
692,Male,89," 113,834.00 ",22,Doctor,0,3
693,Male,83," 132,005.00 ",2,Entertainment,0,5
694,Female,80," 171,323.00 ",78,Lawyer,10,4
695,Female,74," 92,355.00 ",87,Entertainment,1,4
696,Male,42," 60,982.00 ",3,Healthcare,0,5
697,Female,91," 51,742.00 ",33,Artist,8,3
698,Female,31," 138,612.00 ",71,Executive,9,2
699,Male,8," 158,123.00 ",84,Artist,1,1
700,Male,64," 164,675.00 ",65,Executive,0,5
701,Female,41," 172,882.00 ",27,Healthcare,8,7
702,Female,62," 70,119.00 ",93,Artist,0,1
703,Male,41," 113,998.00 ",26,Healthcare,7,7
704,Male,22," 114,011.00 ",40,,5,7
705,Male,5," 57,265.00 ",89,Entertainment,7,7
706,Female,38," 130,597.00 ",2,Artist,6,1
707,Female,88," 121,597.00 ",7,Engineer,0,5
708,Male,56," 103,210.00 ",100,Artist,6,6
709,Male,47," 66,308.00 ",8,Executive,0,4
710,Male,4," 141,336.00 ",93,Homemaker,2,1
711,Male,82," 153,632.00 ",76,Entertainment,9,7
712,Female,31," 65,520.00 ",71,Lawyer,1,2
713,Female,69," 153,217.00 ",83,Healthcare,1,6
714,Male,62," 92,768.00 ",75,Doctor,1,1
715,Female,54," 132,345.00 ",10,Artist,0,2
716,Female,60," 186,069.00 ",49,Marketing,1,2
717,Female,31," 53,802.00 ",32,Artist,1,7
718,Female,17," 103,739.00 ",62,Healthcare,6,4
719,Female,15," 50,550.00 ",34,Healthcare,9,7
720,Female,37," 145,648.00 ",21,Healthcare,7,6
721,Male,36," 85,737.00 ",37,Executive,0,3
722,Female,27," 99,950.00 ",20,Entertainment,0,4
723,Female,11," 83,220.00 ",21,Engineer,7,4
724,Male,83," 73,410.00 ",50,Entertainment,8,5
725,Female,71," 64,310.00 ",43,Marketing,2,1
726,Female,20," 59,844.00 ",79,Doctor,0,1
727,Male,3," 67,787.00 ",1,Executive,1,6
728,Male,52," 172,841.00 ",4,Engineer,0,1
729,Male,75," 145,528.00 ",61,Healthcare,1,2
730,Male,36," 173,807.00 ",42,Artist,0,2
731,Male,60," 185,794.00 ",69,Entertainment,7,1
732,Male,8," 119,780.00 ",71,Healthcare,1,3
733,Female,9," 158,596.00 ",86,Artist,1,2
734,Female,41," 118,122.00 ",52,Entertainment,0,6
735,Male,38," 99,964.00 ",11,Healthcare,7,4
736,Female,69," 120,752.00 ",27,Executive,1,6
737,Female,33," 189,630.00 ",53,Executive,5,5
738,Male,64," 125,510.00 ",6,Healthcare,3,3
739,Male,19," 101,799.00 ",49,Engineer,1,1
740,Female,88," 92,914.00 ",74,Artist,0,3
741,Female,91," 162,465.00 ",59,Engineer,9,3
742,Male,84," 163,818.00 ",27,Engineer,2,1
743,Female,43," 53,832.00 ",56,Entertainment,4,1
744,Female,30," 140,190.00 ",49,Engineer,1,4
745,Male,16," 125,836.00 ",69,Healthcare,1,4
746,Male,89," 100,938.00 ",27,Entertainment,0,7
747,Male,5," 168,670.00 ",37,Artist,1,3
748,Female,54," 176,885.00 ",10,Entertainment,0,3
749,Female,41," 111,174.00 ",28,Artist,4,5
750,Male,80," 127,335.00 ",97,Artist,6,6
751,Male,37," 149,103.00 ",3,Healthcare,10,1
752,Male,87," 167,705.00 ",31,Healthcare,0,7
753,Female,50," 183,548.00 ",85,Entertainment,1,4
754,Female,14," 50,396.00 ",46,Lawyer,0,6
755,Female,17," 63,557.00 ",3,Marketing,1,1
756,Female,98," 87,878.00 ",55,Artist,1,6
757,Male,3," 55,634.00 ",53,Engineer,8,3
758,Female,83," 118,110.00 ",26,Engineer,1,5
759,Male,13," 129,396.00 ",36,Artist,6,6
760,Female,46," 62,628.00 ",64,Entertainment,8,6
761,Female,25," 51,700.00 ",17,Healthcare,4,6
762,Female,4," 106,816.00 ",49,Artist,7,5
763,Male,64," 93,000.00 ",67,Lawyer,0,2
764,Female,84," 144,148.00 ",71,Doctor,1,4
765,Male,12," 101,388.00 ",90,Artist,0,2
766,Female,56," 171,560.00 ",78,Engineer,0,2
767,Male,58," 156,366.00 ",60,Entertainment,8,1
768,Female,0," 143,910.00 ",22,Marketing,1,7
769,Female,25," 106,569.00 ",84,Engineer,1,3
770,Male,28," 173,009.00 ",25,Healthcare,9,6
771,Male,78," 54,252.00 ",29,Engineer,0,5
772,Male,56," 104,600.00 ",57,Entertainment,6,3
773,Male,91," 50,250.00 ",54,Artist,0,2
774,Male,77," 93,242.00 ",84,Entertainment,0,7
775,Female,83," 156,839.00 ",38,Artist,3,7
776,Female,64," 71,305.00 ",39,Artist,9,2
777,Male,19," 85,975.00 ",73,Entertainment,0,6
778,Male,94," 188,107.00 ",52,Engineer,10,2
779,Male,19," 82,333.00 ",35,Marketing,1,2
780,Male,84," 125,016.00 ",25,Entertainment,1,7
781,Female,10," 148,908.00 ",10,Healthcare,2,3
782,Female,19," 58,217.00 ",70,Artist,0,1
783,Male,74," 76,521.00 ",29,Engineer,7,4
784,Female,95," 117,763.00 ",42,Artist,1,2
785,Female,34," 115,184.00 ",93,Homemaker,1,4
786,Male,30," 54,251.00 ",7,Artist,2,6
787,Female,53," 112,530.00 ",24,Entertainment,2,6
788,Male,67," 107,409.00 ",2,Artist,1,6
789,Female,23," 84,793.00 ",23,Homemaker,9,6
790,Female,25," 66,952.00 ",79,Entertainment,1,2
791,Female,84," 153,465.00 ",11,Lawyer,1,4
792,Female,1," 178,214.00 ",17,Artist,1,7
793,Male,70," 152,069.00 ",42,Entertainment,4,4
794,Female,56," 132,860.00 ",17,Healthcare,7,2
795,Female,0," 147,719.00 ",86,Lawyer,1,7
796,Female,91," 172,915.00 ",29,Doctor,9,1
797,Female,81," 148,594.00 ",29,Entertainment,3,5
798,Male,33," 61,986.00 ",77,Executive,0,1
799,Male,75," 91,456.00 ",13,Artist,1,4
800,Male,11," 166,247.00 ",84,Executive,1,2
801,Female,61," 140,516.00 ",50,Artist,0,3
802,Male,81," 148,208.00 ",36,,5,7
803,Female,62," 133,822.00 ",78,Marketing,0,4
804,Female,44," 175,424.00 ",32,Artist,4,5
805,Female,67," 121,528.00 ",92,Healthcare,8,4
806,Female,30," 189,369.00 ",69,Healthcare,0,3
807,Female,92," 80,808.00 ",26,Artist,1,1
808,Male,25," 57,535.00 ",84,Entertainment,1,7
809,Female,61," 163,509.00 ",51,Healthcare,0,4
810,Female,72," 75,884.00 ",57,Executive,0,7
811,Female,89," 157,759.00 ",52,Artist,1,6
812,Female,37," 184,813.00 ",44,Executive,0,2
813,Male,59," 187,253.00 ",51,Executive,8,7
814,Male,41," 81,718.00 ",36,Entertainment,1,3
815,Male,60," 150,019.00 ",37,Doctor,1,2
816,Female,81," 53,452.00 ",73,Entertainment,1,6
817,Male,85," 150,765.00 ",42,Homemaker,8,2
818,Female,91," 154,456.00 ",71,,0,7
819,Female,65," 56,647.00 ",12,Doctor,6,4
820,Female,19," 117,477.00 ",48,Healthcare,6,7
821,Female,78," 79,677.00 ",9,Artist,10,7
822,Female,0," 116,759.00 ",28,Marketing,7,3
823,Male,26," 180,702.00 ",21,Entertainment,6,1
824,Female,2," 122,698.00 ",100,Entertainment,8,1
825,Female,60," 169,346.00 ",55,Healthcare,7,2
826,Female,67," 93,176.00 ",25,Artist,4,1
827,Female,4," 75,853.00 ",40,Homemaker,4,5
828,Male,7," 119,362.00 ",58,Engineer,8,1
829,Male,28," 81,545.00 ",36,Artist,4,7
830,Male,67," 67,372.00 ",75,Artist,0,7
831,Female,30," 109,703.00 ",61,Executive,1,1
832,Male,38," 166,697.00 ",39,Marketing,13,4
833,Female,40," 124,982.00 ",34,Engineer,1,7
834,Female,6," 146,776.00 ",83,Lawyer,1,7
835,Female,3," 147,548.00 ",45,Executive,4,5
836,Female,51," 117,620.00 ",60,Healthcare,7,6
837,Male,63," 85,351.00 ",57,Healthcare,0,2
838,Male,65," 174,432.00 ",8,Artist,0,7
839,Male,44," 70,787.00 ",68,Doctor,1,3
840,Female,90," 75,473.00 ",63,Healthcare,0,7
841,Male,76," 90,082.00 ",49,Healthcare,1,6
842,Female,62," 185,388.00 ",54,Healthcare,0,2
843,Female,5," 168,110.00 ",69,Doctor,14,6
844,Female,67," 184,628.00 ",38,Artist,12,2
845,Female,38," 176,551.00 ",45,Healthcare,8,1
846,Female,31," 76,422.00 ",21,Healthcare,9,7
847,Male,2," 164,248.00 ",51,Entertainment,9,3
848,Female,82," 109,188.00 ",38,Lawyer,5,7
849,Female,66," 132,951.00 ",26,Healthcare,4,1
850,Female,75," 164,598.00 ",32,Healthcare,8,1
851,Male,69," 186,655.00 ",32,,7,2
852,Female,62," 111,859.00 ",86,Healthcare,6,1
853,Female,0," 121,926.00 ",41,Lawyer,7,1
854,Female,11," 143,047.00 ",42,Executive,1,3
855,Female,22," 131,748.00 ",23,Artist,1,3
856,Male,76," 142,801.00 ",23,Lawyer,0,1
857,Male,85," 142,723.00 ",46,Engineer,0,6
858,Male,21," 155,151.00 ",16,Marketing,14,3
859,Female,64," 153,607.00 ",48,Healthcare,1,4
860,Male,94," 144,192.00 ",34,Healthcare,0,3
861,Female,83," 174,159.00 ",22,Lawyer,4,4
862,Female,93," 73,642.00 ",50,Marketing,0,3
863,Female,12," 170,319.00 ",46,Artist,8,7
864,Female,0," 141,351.00 ",10,Engineer,0,2
865,Female,79," 167,411.00 ",9,Marketing,12,5
866,Male,90," 58,289.00 ",49,Artist,5,6
867,Female,45," 79,801.00 ",77,Doctor,0,2
868,Female,82," 146,118.00 ",52,Marketing,8,7
869,Female,57," 57,337.00 ",14,Healthcare,1,4
870,Female,43," 113,575.00 ",6,Entertainment,1,2
871,Male,63," 122,658.00 ",65,Engineer,6,2
872,Female,62," 151,836.00 ",13,Artist,0,6
873,Female,43," 185,900.00 ",80,Homemaker,9,4
874,Female,34," 94,029.00 ",98,Healthcare,1,4
875,Female,30," 157,290.00 ",22,Artist,2,2
876,Male,97," 175,996.00 ",42,Entertainment,10,4
877,Male,68," 102,016.00 ",37,Artist,0,4
878,Male,16," 77,902.00 ",67,Artist,1,2
879,Female,15," 81,138.00 ",86,Healthcare,9,7
880,Male,25," 128,258.00 ",48,Executive,0,2
881,Female,29," 62,475.00 ",24,Artist,6,4
882,Female,85," 82,854.00 ",75,Artist,6,4
883,Female,30," 59,284.00 ",38,Doctor,7,7
884,Female,13," 141,580.00 ",92,Healthcare,0,4
885,Female,88," 171,362.00 ",90,Executive,6,4
886,Male,5," 78,274.00 ",65,Artist,9,2
887,Female,95," 76,646.00 ",61,Artist,0,1
888,Female,92," 78,308.00 ",66,Executive,5,2
889,Female,63," 78,971.00 ",89,Engineer,1,2
890,Female,75," 65,528.00 ",73,Marketing,1,5
891,Male,67," 94,199.00 ",71,Artist,5,7
892,Female,58," 135,705.00 ",48,Engineer,8,7
893,Male,52," 130,573.00 ",31,Entertainment,8,3
894,Female,85," 152,303.00 ",68,Artist,1,5
895,Female,31," 144,582.00 ",89,Doctor,1,1
896,Female,84," 93,288.00 ",60,Artist,10,6
897,Female,93," 88,192.00 ",3,Marketing,10,2
898,Male,18," 62,362.00 ",81,Lawyer,7,3
899,Male,73," 74,350.00 ",39,Lawyer,10,1
900,Male,3," 144,103.00 ",42,Healthcare,8,7
901,Male,1," 75,518.00 ",17,Lawyer,7,3
902,Male,53," 160,980.00 ",62,Doctor,4,2
903,Female,75," 102,904.00 ",28,Artist,7,6
904,Female,15," 174,501.00 ",37,,9,7
905,Female,47," 157,661.00 ",57,Healthcare,6,6
906,Female,66," 118,385.00 ",8,Healthcare,10,3
907,Female,17," 116,463.00 ",100,Artist,8,4
908,Female,1," 161,212.00 ",14,Artist,9,6
909,Male,16," 172,601.00 ",50,Marketing,4,6
910,Female,52," 167,214.00 ",94,Homemaker,8,7
911,Male,21," 69,644.00 ",19,Artist,5,1
912,Female,19," 120,215.00 ",46,Homemaker,7,2
913,Female,29," 180,401.00 ",23,Engineer,7,6
914,Female,40," 113,739.00 ",93,Artist,5,7
915,Male,76," 111,717.00 ",41,Healthcare,1,2
916,Male,91," 62,808.00 ",20,Engineer,0,4
917,Female,24," 67,582.00 ",13,Artist,1,3
918,Male,4," 96,543.00 ",60,Artist,9,1
919,Male,90," 89,667.00 ",69,Artist,0,2
920,Female,56," 98,980.00 ",65,Engineer,0,1
921,Male,14," 124,998.00 ",17,Lawyer,1,3
922,Male,52," 189,091.00 ",12,Artist,0,6
923,Female,14," 153,842.00 ",3,Artist,1,3
924,Male,30," 106,314.00 ",16,Artist,0,7
925,Female,70," 62,901.00 ",60,Artist,8,5
926,Male,14," 149,618.00 ",78,Healthcare,4,6
927,Female,95," 72,068.00 ",97,Healthcare,0,6
928,Male,25," 81,367.00 ",87,,0,3
929,Female,95," 118,575.00 ",10,Entertainment,1,3
930,Female,12," 82,382.00 ",97,Executive,1,3
931,Male,82," 114,776.00 ",55,Entertainment,10,3
932,Female,2," 145,597.00 ",81,Artist,1,6
933,Male,51," 162,072.00 ",86,Engineer,1,1
934,Male,63," 172,872.00 ",11,Healthcare,0,7
935,Female,30," 182,162.00 ",6,Artist,1,3
936,Female,68," 71,467.00 ",81,Artist,5,7
937,Female,21," 85,568.00 ",1,Healthcare,0,6
938,Female,99," 56,851.00 ",72,Entertainment,6,3
939,Female,0," 116,782.00 ",73,Artist,9,5
940,Female,80," 67,781.00 ",1,Entertainment,4,4
941,Female,51," 70,152.00 ",29,Healthcare,0,2
942,Male,18," 185,861.00 ",82,Artist,3,6
943,Male,43," 162,595.00 ",17,Artist,3,3
944,Female,29," 80,098.00 ",54,Lawyer,10,6
945,Female,20," 184,801.00 ",8,Lawyer,1,1
946,Female,39," 58,908.00 ",37,Artist,6,6
947,Female,9," 146,011.00 ",69,Marketing,9,5
948,Female,45," 135,174.00 ",39,Artist,9,4
949,Female,65," 114,244.00 ",64,Artist,0,1
950,Female,64," 157,207.00 ",52,Healthcare,0,4
951,Female,81," 128,834.00 ",23,Entertainment,5,4
952,Male,54," 51,166.00 ",24,Entertainment,0,7
953,Female,32," 130,118.00 ",36,Artist,0,4
954,Male,29," 87,014.00 ",71,Doctor,11,4
955,Female,25," 111,379.00 ",93,Artist,0,2
956,Male,5," 83,704.00 ",82,Entertainment,1,1
957,Female,55," 90,558.00 ",49,Healthcare,8,2
958,Male,12," 187,343.00 ",14,Healthcare,6,3
959,Female,81," 111,174.00 ",48,Entertainment,9,6
960,Male,87," 64,461.00 ",63,Engineer,4,4
961,Male,12," 109,618.00 ",97,Artist,7,3
962,Male,91," 189,357.00 ",4,Lawyer,7,1
963,Female,63," 120,955.00 ",79,Artist,6,1
964,Female,97," 168,898.00 ",54,Homemaker,8,7
965,Male,89," 130,431.00 ",52,Healthcare,6,3
966,Male,59," 161,091.00 ",56,Engineer,9,1
967,Female,26," 69,988.00 ",2,Homemaker,5,4
968,Female,5," 169,702.00 ",98,Doctor,5,1
969,Male,32," 186,897.00 ",49,Healthcare,1,7
970,Female,98," 109,061.00 ",41,Engineer,6,1
971,Male,31," 188,620.00 ",30,Artist,3,6
972,Female,59," 108,675.00 ",57,Artist,4,5
973,Female,80," 177,601.00 ",34,Entertainment,0,2
974,Female,12," 87,365.00 ",3,Marketing,1,2
975,Male,80," 95,929.00 ",23,Engineer,0,2
976,Male,59," 97,185.00 ",87,Entertainment,0,5
977,Female,56," 103,838.00 ",17,Artist,1,2
978,Male,18," 129,260.00 ",11,Doctor,1,3
979,Female,66," 151,184.00 ",19,Artist,1,4
980,Female,67," 177,512.00 ",62,Engineer,2,3
981,Male,39," 140,099.00 ",51,Lawyer,0,7
982,Male,23," 67,535.00 ",97,Healthcare,7,6
983,Male,47," 133,236.00 ",61,Executive,1,6
984,Female,41," 87,975.00 ",5,Homemaker,9,7
985,Female,40," 164,350.00 ",23,Healthcare,0,5
986,Male,36," 55,109.00 ",53,Artist,8,3
987,Female,12," 67,613.00 ",40,Entertainment,1,2
988,Female,60," 185,306.00 ",47,Entertainment,0,2
989,Female,24," 154,787.00 ",84,Executive,3,5
990,Female,17," 109,759.00 ",96,Artist,9,3
991,Female,92," 114,571.00 ",51,Executive,1,3
992,Male,32," 130,697.00 ",93,Artist,1,2
993,Male,39," 115,916.00 ",24,Doctor,13,6
994,Female,50," 69,814.00 ",53,Artist,9,2
995,Female,85," 118,161.00 ",74,Engineer,0,4
996,Male,65," 56,583.00 ",65,Healthcare,2,3
997,Female,17," 185,843.00 ",36,Artist,4,3
998,Female,31," 171,825.00 ",22,Entertainment,10,4
999,Male,24," 77,976.00 ",95,Artist,11,3
1000,Male,97," 66,312.00 ",75,Entertainment,0,1
1001,Female,92," 81,839.00 ",11,Entertainment,0,4
1002,Female,80," 55,712.00 ",5,Artist,5,6
1003,Male,33," 158,335.00 ",45,Healthcare,2,5
1004,Male,8," 74,253.00 ",45,Lawyer,1,6
1005,Male,67," 119,625.00 ",3,Healthcare,4,4
1006,Female,8," 129,743.00 ",6,Artist,0,2
1007,Female,61," 101,007.00 ",60,Lawyer,0,6
1008,Male,83," 87,529.00 ",49,Artist,9,7
1009,Male,8," 151,648.00 ",98,Healthcare,8,6
1010,Male,69," 61,637.00 ",67,,0,5
1011,Male,14," 164,659.00 ",59,Entertainment,1,6
1012,Female,80," 125,623.00 ",62,Executive,0,4
1013,Female,85," 104,054.00 ",22,Artist,8,4
1014,Male,88," 83,535.00 ",56,Artist,1,5
1015,Female,76," 166,245.00 ",13,Executive,7,3
1016,Female,32," 100,890.00 ",60,Entertainment,4,4
1017,Female,99," 55,972.00 ",83,Entertainment,1,7
1018,Female,85," 134,282.00 ",39,Artist,2,5
1019,Female,25," 106,669.00 ",22,Lawyer,1,7
1020,Female,99," 145,777.00 ",94,Executive,1,5
1021,Male,41," 119,259.00 ",91,Healthcare,1,5
1022,Female,1," 150,174.00 ",59,Artist,2,2
1023,Female,45," 55,472.00 ",51,Healthcare,1,3
1024,Male,55," 99,423.00 ",82,Healthcare,0,5
1025,Female,20," 146,221.00 ",25,Marketing,0,3
1026,Female,33," 84,238.00 ",31,Artist,1,2
1027,Male,92," 57,032.00 ",75,Entertainment,1,5
1028,Male,93," 88,811.00 ",52,Engineer,0,4
1029,Male,60," 167,420.00 ",38,Artist,5,2
1030,Male,38," 101,846.00 ",17,Doctor,3,2
1031,Male,15," 114,061.00 ",87,Artist,2,5
1032,Male,74," 147,449.00 ",16,Artist,1,5
1033,Female,47," 83,043.00 ",76,Executive,0,1
1034,Female,96," 168,990.00 ",81,Doctor,9,5
1035,Male,97," 73,867.00 ",65,Healthcare,4,5
1036,Female,35," 165,772.00 ",51,Healthcare,1,4
1037,Female,19," 178,217.00 ",38,Marketing,0,3
1038,Male,60," 162,612.00 ",98,Engineer,1,6
1039,Male,37," 99,872.00 ",53,Entertainment,11,3
1040,Female,49," 142,566.00 ",77,Artist,1,7
1041,Female,1," 111,424.00 ",80,Entertainment,8,5
1042,Male,43," 187,841.00 ",38,Artist,1,4
1043,Female,46," 171,921.00 ",50,Artist,1,6
1044,Female,65," 115,299.00 ",87,Artist,6,3
1045,Male,75," 94,129.00 ",27,Healthcare,6,7
1046,Male,40," 172,378.00 ",39,Entertainment,5,6
1047,Male,28," 146,597.00 ",31,Engineer,1,4
1048,Female,78," 64,057.00 ",44,Doctor,0,3
1049,Female,22," 163,585.00 ",49,Artist,9,5
1050,Male,6," 93,186.00 ",83,Entertainment,1,3
1051,Male,46," 149,764.00 ",1,Entertainment,0,6
1052,Male,17," 116,822.00 ",84,Doctor,1,3
1053,Female,46," 109,346.00 ",37,Entertainment,1,2
1054,Female,72," 111,587.00 ",99,Artist,7,4
1055,Female,38," 166,644.00 ",66,Artist,8,6
1056,Female,50," 181,270.00 ",56,Artist,1,1
1057,Male,47," 65,207.00 ",81,Healthcare,1,2
1058,Female,72," 112,146.00 ",21,Homemaker,8,4
1059,Male,8," 104,953.00 ",57,Doctor,1,6
1060,Female,34," 139,009.00 ",24,Artist,0,4
1061,Female,53," 67,916.00 ",82,Healthcare,0,6
1062,Female,82," 99,983.00 ",88,Executive,0,1
1063,Male,63," 131,122.00 ",40,Artist,9,6
1064,Female,58," 173,190.00 ",37,Doctor,9,4
1065,Male,23," 122,712.00 ",21,Marketing,1,1
1066,Female,80," 55,792.00 ",30,Artist,1,6
1067,Male,45," 73,892.00 ",45,Doctor,1,4
1068,Female,30," 78,821.00 ",46,,1,4
1069,Female,84," 152,475.00 ",12,Artist,0,7
1070,Male,45," 152,226.00 ",87,Artist,4,4
1071,Male,85," 117,679.00 ",18,Entertainment,1,3
1072,Male,23," 146,473.00 ",87,Artist,1,4
1073,Male,79," 66,051.00 ",75,Healthcare,1,7
1074,Male,47," 162,332.00 ",72,Entertainment,1,5
1075,Female,93," 166,018.00 ",71,Doctor,0,3
1076,Female,95," 67,398.00 ",81,Entertainment,2,5
1077,Male,44," 73,760.00 ",70,Entertainment,1,6
1078,Male,95," 167,578.00 ",66,Entertainment,0,1
1079,Male,28," 130,267.00 ",45,Engineer,8,4
1080,Male,91," 94,846.00 ",95,Engineer,0,5
1081,Female,81," 155,396.00 ",1,Engineer,9,5
1082,Female,90," 138,013.00 ",16,Artist,8,7
1083,Male,79," 148,286.00 ",77,Entertainment,0,4
1084,Female,6," 101,031.00 ",28,Artist,1,1
1085,Female,38," 52,884.00 ",24,Lawyer,1,1
1086,Male,87," 153,230.00 ",15,Healthcare,8,1
1087,Female,93," 63,261.00 ",13,Engineer,1,7
1088,Male,44," 90,167.00 ",84,Engineer,0,3
1089,Female,10," 162,076.00 ",78,,0,3
1090,Female,84," 53,622.00 ",27,Artist,0,3
1091,Female,7," 172,913.00 ",94,Executive,3,4
1092,Female,41," 94,316.00 ",86,Artist,0,6
1093,Male,87," 141,383.00 ",3,,7,5
1094,Female,33," 67,874.00 ",55,Artist,0,2
1095,Female,34," 176,554.00 ",62,Healthcare,1,2
1096,Female,53," 135,341.00 ",56,Healthcare,10,2
1097,Female,47," 129,019.00 ",57,Healthcare,0,3
1098,Male,53," 107,879.00 ",3,Doctor,1,6
1099,Male,92," 79,531.00 ",4,Artist,1,1
1100,Male,89," 63,379.00 ",59,Artist,12,7
1101,Female,27," 156,258.00 ",54,Entertainment,0,4
1102,Male,70," 67,874.00 ",41,Entertainment,9,3
1103,Female,86," 159,964.00 ",57,Engineer,5,6
1104,Female,99," 103,706.00 ",50,Entertainment,1,2
1105,Female,96," 64,713.00 ",84,Entertainment,2,7
1106,Female,65," 90,414.00 ",55,Artist,1,5
1107,Female,82," 171,100.00 ",34,Executive,0,5
1108,Male,36," 187,305.00 ",85,Engineer,6,7
1109,Female,30," 139,758.00 ",46,Lawyer,0,6
1110,Female,96," 91,226.00 ",56,Healthcare,0,5
1111,Female,69," 143,928.00 ",30,Engineer,9,7
1112,Female,34," 92,366.00 ",14,Healthcare,0,6
1113,Male,74," 175,041.00 ",25,Artist,4,1
1114,Male,97," 147,301.00 ",93,Lawyer,1,5
1115,Male,56," 119,296.00 ",49,Engineer,0,7
1116,Female,30," 126,306.00 ",44,Artist,0,1
1117,Male,13," 100,647.00 ",49,Executive,1,3
1118,Female,95," 168,663.00 ",16,Engineer,11,5
1119,Female,2," 105,391.00 ",42,Executive,1,7
1120,Female,78," 175,179.00 ",43,Executive,9,4
1121,Female,54," 165,019.00 ",12,Entertainment,1,2
1122,Female,85," 68,212.00 ",26,Healthcare,7,4
1123,Male,13," 64,572.00 ",71,Artist,1,2
1124,Female,85," 92,591.00 ",99,Artist,8,2
1125,Female,41," 69,730.00 ",97,Artist,1,4
1126,Female,25," 156,793.00 ",57,Marketing,2,4
1127,Female,74," 56,848.00 ",41,Artist,5,1
1128,Male,8," 148,450.00 ",55,Healthcare,0,6
1129,Male,62," 150,619.00 ",32,Artist,10,6
1130,Male,52," 100,261.00 ",10,Artist,1,6
1131,Female,36," 109,895.00 ",56,Healthcare,5,2
1132,Male,11," 152,684.00 ",24,Lawyer,0,3
1133,Female,84," 133,765.00 ",83,Artist,1,3
1134,Female,99," 57,677.00 ",99,Lawyer,0,5
1135,Female,51," 112,358.00 ",27,Artist,0,6
1136,Female,57," 73,845.00 ",52,Artist,1,7
1137,Male,92," 89,531.00 ",42,Healthcare,6,2
1138,Male,29," 118,092.00 ",100,Entertainment,7,3
1139,Male,62," 144,242.00 ",49,Entertainment,1,4
1140,Female,43," 140,876.00 ",90,Entertainment,0,4
1141,Male,72," 76,888.00 ",26,Marketing,0,1
1142,Female,28," 116,644.00 ",88,Artist,6,3
1143,Female,57," 143,021.00 ",3,Executive,5,4
1144,Female,86," 145,679.00 ",91,Lawyer,9,6
1145,Female,26," 64,398.00 ",7,Lawyer,1,6
1146,Female,13," 104,512.00 ",40,Marketing,9,3
1147,Male,1," 71,564.00 ",68,Artist,1,5
1148,Female,89," 122,707.00 ",64,Homemaker,2,3
1149,Female,91," 51,733.00 ",96,Healthcare,0,5
1150,Female,67," 138,087.00 ",63,Marketing,1,7
1151,Male,63," 147,278.00 ",51,Lawyer,0,4
1152,Female,90," 187,339.00 ",62,Healthcare,0,6
1153,Female,87," 129,972.00 ",97,Executive,1,6
1154,Female,89," 151,176.00 ",55,Healthcare,1,2
1155,Female,34," 74,358.00 ",60,Artist,0,6
1156,Male,89," 83,953.00 ",82,Healthcare,0,3
1157,Male,31," 62,925.00 ",24,Engineer,1,6
1158,Male,55," 65,257.00 ",93,Doctor,2,3
1159,Female,3," 188,557.00 ",4,Healthcare,9,2
1160,Male,64," 163,783.00 ",84,Healthcare,3,1
1161,Female,1," 108,342.00 ",97,Doctor,0,3
1162,Female,20," 155,951.00 ",21,Healthcare,7,4
1163,Female,18," 183,071.00 ",29,Artist,7,4
1164,Female,83," 124,104.00 ",20,Healthcare,4,6
1165,Female,21," 136,747.00 ",3,Healthcare,1,1
1166,Male,19," 189,498.00 ",18,Artist,4,1
1167,Female,74," 76,149.00 ",48,Artist,9,6
1168,Female,44," 185,550.00 ",54,Artist,0,1
1169,Female,52," 119,567.00 ",19,Artist,5,2
1170,Female,14," 79,806.00 ",30,Engineer,1,6
1171,Male,10," 180,774.00 ",66,Entertainment,1,5
1172,Female,80," 90,142.00 ",50,Lawyer,1,2
1173,Female,82," 184,481.00 ",84,Executive,0,2
1174,Female,32," 66,089.00 ",75,Artist,6,3
1175,Female,16," 60,044.00 ",83,Artist,4,1
1176,Male,61," 52,543.00 ",23,Executive,0,6
1177,Male,57," 50,429.00 ",23,Artist,0,1
1178,Male,95," 178,228.00 ",45,Engineer,1,2
1179,Female,38," 161,130.00 ",98,Artist,8,3
1180,Male,70," 87,976.00 ",38,Lawyer,1,6
1181,Female,40," 179,150.00 ",91,Artist,5,2
1182,Female,92," 163,442.00 ",32,Executive,1,6
1183,Female,73," 108,159.00 ",18,Entertainment,8,7
1184,Female,62," 73,419.00 ",14,Healthcare,0,1
1185,Female,12," 138,425.00 ",78,Doctor,11,6
1186,Male,65," 54,431.00 ",93,Healthcare,1,7
1187,Female,88," 168,437.00 ",81,Artist,2,2
1188,Female,55," 71,322.00 ",54,Entertainment,1,6
1189,Female,99," 122,548.00 ",14,,2,5
1190,Female,20," 141,428.00 ",32,Entertainment,1,5
1191,Male,97," 142,214.00 ",32,Artist,7,4
1192,Female,93," 62,590.00 ",43,Artist,9,6
1193,Male,84," 172,523.00 ",83,Artist,6,2
1194,Female,16," 157,588.00 ",76,Executive,2,6
1195,Female,10," 143,313.00 ",57,Doctor,4,7
1196,Female,59," 119,833.00 ",38,Doctor,1,2
1197,Female,54," 70,803.00 ",35,Entertainment,0,5
1198,Male,82," 139,008.00 ",47,Artist,1,4
1199,Male,83," 126,669.00 ",53,Artist,1,6
1200,Male,87," 122,722.00 ",10,Executive,9,4
1201,Male,1," 79,800.00 ",47,Artist,0,1
1202,Male,89," 100,155.00 ",5,Healthcare,6,1
1203,Female,32," 110,846.00 ",49,Artist,0,2
1204,Female,1," 106,841.00 ",69,Entertainment,0,3
1205,Female,54," 117,181.00 ",66,Doctor,12,5
1206,Female,56," 86,898.00 ",76,Healthcare,0,6
1207,Female,31," 143,241.00 ",81,Executive,4,7
1208,Female,26," 146,028.00 ",33,Healthcare,0,5
1209,Male,7," 165,287.00 ",65,Doctor,1,3
1210,Female,60," 132,486.00 ",9,Artist,1,2
1211,Male,92," 96,424.00 ",74,Artist,8,5
1212,Female,93," 151,468.00 ",41,Artist,1,5
1213,Female,8," 76,561.00 ",79,Healthcare,0,1
1214,Female,81," 125,316.00 ",81,Lawyer,0,6
1215,Male,21," 109,373.00 ",22,Entertainment,4,2
1216,Male,96," 135,042.00 ",12,Artist,0,7
1217,Female,78," 59,784.00 ",81,Artist,3,3
1218,Male,86," 140,687.00 ",63,Artist,1,2
1219,Male,1," 182,927.00 ",55,Healthcare,1,1
1220,Female,62," 175,534.00 ",44,Artist,1,6
1221,Male,68," 170,957.00 ",6,Lawyer,1,3
1222,Male,70," 81,197.00 ",76,Artist,0,4
1223,Female,21," 104,888.00 ",8,Healthcare,0,4
1224,Male,74," 184,838.00 ",18,,8,5
1225,Female,62," 139,588.00 ",66,Executive,0,2
1226,Male,22," 126,543.00 ",45,Homemaker,0,3
1227,Female,87," 177,260.00 ",45,Entertainment,14,2
1228,Male,44," 156,823.00 ",42,Healthcare,9,5
1229,Female,27," 183,201.00 ",52,Engineer,8,6
1230,Female,95," 84,925.00 ",46,Artist,4,6
1231,Male,89," 69,719.00 ",47,Artist,9,2
1232,Female,41," 61,355.00 ",13,Healthcare,1,3
1233,Male,41," 156,014.00 ",49,Doctor,14,5
1234,Male,21," 184,088.00 ",21,Entertainment,11,7
1235,Female,59," 158,372.00 ",98,Artist,1,1
1236,Female,64," 135,742.00 ",67,Healthcare,1,7
1237,Female,38," 145,704.00 ",82,Marketing,0,4
1238,Female,70," 157,307.00 ",23,Executive,4,3
1239,Female,25," 88,064.00 ",73,Executive,1,5
1240,Female,3," 167,226.00 ",59,Homemaker,3,1
1241,Female,70," 153,821.00 ",8,Marketing,1,4
1242,Male,29," 170,669.00 ",78,Doctor,9,5
1243,Male,88," 93,555.00 ",13,Artist,3,3
1244,Female,20," 101,941.00 ",18,Healthcare,1,3
1245,Female,58," 78,795.00 ",44,Engineer,0,6
1246,Female,70," 55,875.00 ",94,Engineer,0,5
1247,Female,44," 177,513.00 ",81,Lawyer,1,5
1248,Female,87," 100,850.00 ",83,Doctor,0,3
1249,Female,0," 143,082.00 ",63,Entertainment,0,7
1250,Female,96," 85,447.00 ",4,Artist,9,6
1251,Female,75," 114,213.00 ",33,Doctor,9,4
1252,Male,14," 161,120.00 ",69,Executive,0,1
1253,Female,8," 186,682.00 ",86,Entertainment,1,1
1254,Male,58," 105,302.00 ",75,Doctor,0,3
1255,Female,5," 133,400.00 ",47,Engineer,0,6
1256,Male,70," 56,432.00 ",23,Engineer,0,5
1257,Female,49," 136,467.00 ",72,Healthcare,3,3
1258,Male,60," 189,945.00 ",20,Engineer,0,5
1259,Female,25," 163,966.00 ",48,Lawyer,1,5
1260,Male,47," 52,152.00 ",17,Artist,0,3
1261,Male,53," 145,720.00 ",62,Homemaker,12,7
1262,Male,24," 188,034.00 ",61,Healthcare,1,5
1263,Female,46," 127,911.00 ",3,Homemaker,9,2
1264,Female,70," 174,114.00 ",31,Lawyer,1,1
1265,Male,53," 144,489.00 ",10,Artist,14,3
1266,Male,63," 77,440.00 ",47,Lawyer,0,5
1267,Female,24," 86,119.00 ",44,Artist,1,6
1268,Female,5," 100,056.00 ",49,Entertainment,1,3
1269,Male,7," 66,686.00 ",50,Artist,8,7
1270,Female,71," 74,696.00 ",41,Doctor,1,6
1271,Male,23," 65,641.00 ",50,Entertainment,4,5
1272,Female,0," 61,228.00 ",81,Entertainment,1,6
1273,Female,2," 138,529.00 ",87,Healthcare,0,4
1274,Female,72," 152,405.00 ",4,Artist,1,4
1275,Male,18," 157,757.00 ",84,Doctor,0,4
1276,Male,11," 166,361.00 ",59,Engineer,6,4
1277,Female,95," 67,227.00 ",30,Artist,1,7
1278,Male,20," 161,156.00 ",88,Engineer,0,4
1279,Female,58," 170,647.00 ",70,Healthcare,1,7
1280,Female,67," 161,646.00 ",36,Healthcare,0,2
1281,Male,43," 98,016.00 ",18,Healthcare,9,6
1282,Male,36," 50,526.00 ",19,Artist,0,6
1283,Male,2," 175,208.00 ",43,Executive,8,4
1284,Female,35," 97,721.00 ",48,Engineer,0,7
1285,Female,81," 142,013.00 ",81,Entertainment,3,4
1286,Male,84," 166,737.00 ",76,Artist,0,3
1287,Female,18," 62,651.00 ",13,Entertainment,0,2
1288,Female,54," 179,546.00 ",4,Homemaker,8,4
1289,Female,98," 51,866.00 ",81,Artist,12,7
1290,Female,75," 86,297.00 ",42,Executive,9,4
1291,Female,98," 65,031.00 ",23,Artist,0,4
1292,Male,94," 69,383.00 ",25,Entertainment,0,2
1293,Male,24," 70,733.00 ",63,Artist,5,3
1294,Female,47," 187,898.00 ",89,Artist,6,2
1295,Female,40," 116,001.00 ",55,Engineer,1,4
1296,Male,68," 87,040.00 ",4,Artist,9,1
1297,Female,18," 180,956.00 ",74,Artist,2,2
1298,Female,83," 115,517.00 ",82,Healthcare,0,6
1299,Male,34," 76,979.00 ",46,Lawyer,1,3
1300,Male,81," 50,798.00 ",56,Artist,10,5
1301,Female,61," 146,350.00 ",43,Artist,1,3
1302,Female,77," 81,112.00 ",61,Healthcare,5,3
1303,Male,52," 80,605.00 ",20,Doctor,1,6
1304,Male,40," 171,949.00 ",11,Doctor,1,6
1305,Male,93," 159,006.00 ",26,Artist,8,6
1306,Female,45," 177,368.00 ",96,Healthcare,1,2
1307,Female,83," 187,643.00 ",3,Artist,1,1
1308,Male,23," 93,841.00 ",25,Lawyer,0,7
1309,Male,15," 131,061.00 ",92,Healthcare,0,7
1310,Male,79," 146,130.00 ",20,Entertainment,6,6
1311,Male,80," 84,471.00 ",79,Doctor,1,5
1312,Female,35," 144,485.00 ",15,Entertainment,0,4
1313,Female,39," 158,638.00 ",78,Healthcare,2,5
1314,Male,4," 96,693.00 ",28,Entertainment,0,4
1315,Female,83," 129,507.00 ",93,Healthcare,4,7
1316,Female,94," 114,510.00 ",39,Healthcare,0,4
1317,Female,33," 109,396.00 ",17,,1,2
1318,Female,12," 149,031.00 ",96,Artist,10,5
1319,Female,77," 66,256.00 ",13,Lawyer,1,2
1320,Female,48," 118,285.00 ",69,Doctor,8,4
1321,Male,97," 128,723.00 ",58,Artist,4,5
1322,Female,28," 178,285.00 ",91,Artist,4,7
1323,Female,99," 144,176.00 ",74,Marketing,7,2
1324,Male,27," 82,474.00 ",31,Artist,9,3
1325,Female,95," 159,010.00 ",84,Lawyer,6,2
1326,Female,6," 76,164.00 ",83,Artist,6,2
1327,Male,18," 77,873.00 ",49,Executive,6,5
1328,Male,42," 53,392.00 ",89,Artist,6,4
1329,Male,50," 168,898.00 ",41,Artist,9,7
1330,Male,86," 128,917.00 ",7,Homemaker,5,5
1331,Male,69," 185,067.00 ",49,Lawyer,5,4
1332,Male,23," 132,183.00 ",76,Artist,10,3
1333,Female,82," 82,060.00 ",46,Healthcare,7,1
1334,Female,97," 133,614.00 ",58,Artist,7,4
1335,Male,42," 94,844.00 ",64,,7,6
1336,Female,75," 76,474.00 ",5,Doctor,5,5
1337,Female,14," 94,655.00 ",9,Healthcare,8,1
1338,Male,3," 60,933.00 ",30,Doctor,8,1
1339,Male,16," 79,257.00 ",82,Healthcare,6,2
1340,Female,45," 125,677.00 ",36,Entertainment,5,2
1341,Female,23," 127,971.00 ",56,Artist,1,5
1342,Male,38," 76,103.00 ",62,Executive,9,3
1343,Female,45," 114,741.00 ",96,Artist,0,5
1344,Female,82," 157,994.00 ",92,Artist,1,1
1345,Male,73," 93,786.00 ",44,Entertainment,3,1
1346,Male,36," 75,178.00 ",41,Entertainment,1,7
1347,Male,13," 175,267.00 ",81,Healthcare,1,4
1348,Female,96," 99,263.00 ",100,Healthcare,8,1
1349,Female,83," 52,590.00 ",3,Healthcare,0,4
1350,Male,33," 170,959.00 ",75,Artist,0,4
1351,Male,68," 135,076.00 ",60,Engineer,1,5
1352,Male,88," 167,112.00 ",34,Lawyer,0,1
1353,Female,87," 184,639.00 ",12,Doctor,1,6
1354,Female,88," 172,369.00 ",80,Artist,6,6
1355,Female,43," 124,256.00 ",67,Marketing,1,7
1356,Female,64," 89,972.00 ",92,Artist,10,6
1357,Male,96," 67,799.00 ",42,Entertainment,1,6
1358,Female,72," 176,074.00 ",70,Doctor,1,7
1359,Male,48," 167,517.00 ",27,Artist,2,7
1360,Female,64," 77,914.00 ",11,Artist,1,6
1361,Female,8," 57,605.00 ",81,Doctor,0,2
1362,Female,52," 86,365.00 ",70,Engineer,1,7
1363,Male,3," 93,883.00 ",39,Healthcare,1,2
1364,Female,44," 131,091.00 ",62,Artist,4,1
1365,Male,14," 87,222.00 ",14,Healthcare,8,4
1366,Female,50," 117,076.00 ",45,Doctor,1,2
1367,Male,53," 150,925.00 ",1,Healthcare,1,2
1368,Female,31," 149,379.00 ",100,Lawyer,0,3
1369,Female,31," 138,644.00 ",94,Engineer,4,3
1370,Male,97," 148,493.00 ",42,Doctor,4,7
1371,Male,27," 84,658.00 ",66,Lawyer,4,6
1372,Male,2," 111,618.00 ",99,Lawyer,6,5
1373,Male,81," 108,759.00 ",60,Artist,7,6
1374,Male,64," 186,203.00 ",73,Artist,10,5
1375,Female,11," 147,258.00 ",59,Lawyer,10,2
1376,Female,78," 132,983.00 ",67,Healthcare,7,7
1377,Male,72," 149,092.00 ",39,Engineer,8,1
1378,Male,36," 163,845.00 ",84,Doctor,5,7
1379,Male,97," 117,777.00 ",67,Artist,5,5
1380,Male,88," 131,584.00 ",18,Artist,7,3
1381,Female,21," 123,904.00 ",91,Artist,7,5
1382,Female,62," 89,801.00 ",88,Artist,5,4
1383,Male,73," 173,466.00 ",57,Entertainment,10,5
1384,Female,34," 55,690.00 ",4,Marketing,4,6
1385,Female,50," 104,467.00 ",72,,5,1
1386,Male,39," 100,419.00 ",19,Artist,5,4
1387,Female,82," 62,951.00 ",47,Lawyer,8,2
1388,Male,39," 118,554.00 ",1,Lawyer,4,6
1389,Female,13," 140,673.00 ",49,Artist,6,7
1390,Female,68," 75,561.00 ",87,Healthcare,5,3
1391,Female,77," 147,306.00 ",50,Healthcare,6,6
1392,Female,35," 111,871.00 ",30,Doctor,10,1
1393,Male,5," 112,884.00 ",43,Healthcare,0,6
1394,Female,47," 121,267.00 ",58,Engineer,1,1
1395,Female,48," 151,519.00 ",93,Artist,7,2
1396,Female,34," 105,448.00 ",40,Artist,0,5
1397,Female,20," 92,048.00 ",91,Healthcare,1,1
1398,Male,61," 99,980.00 ",94,Healthcare,10,1
1399,Male,16," 84,003.00 ",68,Artist,9,6
1400,Male,2," 110,889.00 ",95,Executive,1,2
1401,Female,52," 82,478.00 ",95,Executive,10,1
1402,Male,99," 139,685.00 ",20,Healthcare,1,4
1403,Female,84," 182,374.00 ",62,Entertainment,0,6
1404,Female,58," 119,366.00 ",94,Engineer,4,2
1405,Female,91," 53,788.00 ",57,Doctor,0,2
1406,Female,1," 90,341.00 ",92,Doctor,0,2
1407,Female,67," 118,348.00 ",94,Engineer,1,7
1408,Male,56," 137,428.00 ",87,Artist,0,2
1409,Female,62," 106,982.00 ",53,Entertainment,1,7
1410,Female,12," 98,532.00 ",52,Doctor,0,6
1411,Female,38," 120,825.00 ",24,Executive,9,7
1412,Female,51," 58,006.00 ",83,Executive,1,5
1413,Male,20," 106,941.00 ",73,Artist,1,1
1414,Male,43," 129,782.00 ",31,Entertainment,1,2
1415,Male,93," 121,513.00 ",90,Engineer,0,6
1416,Female,54," 79,925.00 ",30,Healthcare,0,3
1417,Male,23," 112,089.00 ",74,Healthcare,7,7
1418,Female,1," 138,656.00 ",27,,3,4
1419,Female,64," 146,794.00 ",90,Healthcare,8,3
1420,Female,55," 75,033.00 ",30,Engineer,5,5
1421,Female,85," 149,969.00 ",78,Executive,0,6
1422,Female,20," 124,852.00 ",39,Healthcare,5,5
1423,Male,73," 154,837.00 ",42,Executive,8,4
1424,Female,53," 145,678.00 ",55,Executive,0,1
1425,Female,7," 137,354.00 ",89,Artist,8,7
1426,Female,50," 136,660.00 ",48,Entertainment,1,3
1427,Female,12," 63,334.00 ",99,Artist,0,6
1428,Male,37," 62,893.00 ",29,Executive,1,5
1429,Male,78," 163,514.00 ",89,Doctor,9,2
1430,Male,29," 145,934.00 ",40,Marketing,10,2
1431,Female,54," 119,223.00 ",58,Lawyer,10,7
1432,Male,89," 127,479.00 ",18,Doctor,10,2
1433,Female,25," 136,146.00 ",98,Artist,6,6
1434,Female,14," 76,001.00 ",46,Artist,7,3
1435,Female,12," 84,885.00 ",24,Healthcare,6,2
1436,Female,18," 82,812.00 ",1,Artist,6,2
1437,Male,74," 51,260.00 ",43,Entertainment,5,5
1438,Male,21," 159,572.00 ",42,Healthcare,5,5
1439,Male,9," 130,186.00 ",88,Artist,9,7
1440,Female,49," 176,954.00 ",57,Artist,5,6
1441,Male,58," 85,908.00 ",99,Artist,5,4
1442,Female,16," 75,831.00 ",5,Healthcare,10,7
1443,Female,55," 123,045.00 ",56,Engineer,7,3
1444,Female,31," 161,211.00 ",10,Lawyer,9,1
1445,Female,59," 81,702.00 ",27,Marketing,6,4
1446,Female,25," 173,043.00 ",3,Artist,8,6
1447,Male,63," 126,380.00 ",90,Artist,6,1
1448,Female,60," 128,205.00 ",27,Healthcare,6,5
1449,Female,41," 181,355.00 ",73,Artist,10,3
1450,Female,84," 97,931.00 ",70,Healthcare,9,7
1451,Male,72," 146,432.00 ",25,Artist,6,1
1452,Female,97," 125,731.00 ",41,Artist,6,4
1453,Female,43," 132,701.00 ",70,Healthcare,5,2
1454,Female,63," 116,095.00 ",8,Artist,5,1
1455,Female,7," 135,773.00 ",42,Artist,9,5
1456,Male,54," 136,417.00 ",45,Healthcare,9,6
1457,Male,27," 80,783.00 ",82,Artist,9,3
1458,Male,28," 182,580.00 ",60,Executive,6,6
1459,Female,84," 143,567.00 ",48,Artist,7,2
1460,Male,71," 85,908.00 ",85,Entertainment,5,4
1461,Female,88," 139,806.00 ",99,Entertainment,4,4
1462,Female,75," 77,269.00 ",24,Artist,8,1
1463,Female,96," 105,968.00 ",65,Engineer,4,5
1464,Female,83," 125,660.00 ",19,Engineer,10,4
1465,Female,86," 98,444.00 ",76,Entertainment,7,4
1466,Male,60," 179,503.00 ",9,Artist,4,3
1467,Female,5," 60,575.00 ",14,Engineer,5,2
1468,Female,65," 75,685.00 ",19,Marketing,7,3
1469,Female,49," 85,374.00 ",45,Artist,8,5
1470,Female,78," 128,642.00 ",19,Marketing,5,6
1471,Male,25," 182,292.00 ",78,Artist,7,5
1472,Female,5," 124,702.00 ",94,Artist,10,3
1473,Female,58," 127,833.00 ",2,Artist,7,7
1474,Female,80," 178,866.00 ",97,Artist,8,4
1475,Female,94," 183,643.00 ",51,Artist,5,5
1476,Male,62," 113,306.00 ",4,Executive,5,6
1477,Male,20," 84,008.00 ",77,Artist,8,4
1478,Male,85," 85,758.00 ",35,Lawyer,10,4
1479,Female,72," 63,128.00 ",45,Engineer,8,7
1480,Male,95," 70,174.00 ",6,Executive,10,6
1481,Female,97," 170,133.00 ",42,Engineer,5,5
1482,Female,25," 165,978.00 ",42,Artist,7,3
1483,Female,17," 149,727.00 ",78,Artist,7,3
1484,Female,19," 147,052.00 ",86,,9,4
1485,Female,59," 113,389.00 ",79,Doctor,4,6
1486,Male,30," 111,690.00 ",73,Entertainment,10,4
1487,Female,63," 184,830.00 ",60,Doctor,9,3
1488,Female,23," 91,549.00 ",23,Artist,4,3
1489,Female,97," 94,629.00 ",17,Marketing,6,3
1490,Female,97," 167,558.00 ",99,Artist,4,7
1491,Male,94," 119,189.00 ",57,Artist,9,3
1492,Female,28," 96,207.00 ",67,Artist,5,5
1493,Male,21," 85,339.00 ",6,Doctor,4,7
1494,Female,25," 111,942.00 ",7,Artist,5,5
1495,Female,48," 157,003.00 ",45,Engineer,5,4
1496,Female,53," 117,123.00 ",23,Artist,9,7
1497,Female,97," 172,747.00 ",76,Artist,7,2
1498,Male,33," 157,358.00 ",52,Healthcare,7,4
1499,Male,5," 156,655.00 ",20,Entertainment,4,5
1500,Male,72," 166,043.00 ",93,Doctor,7,6
1501,Male,40," 67,768.00 ",15,Doctor,10,6
1502,Male,34," 171,353.00 ",34,Doctor,8,4
1503,Female,63," 116,971.00 ",76,Executive,7,5
1504,Female,85," 97,822.00 ",38,Doctor,5,3
1505,Female,86," 117,203.00 ",83,Healthcare,10,3
1506,Female,63," 88,720.00 ",100,Artist,10,1
1507,Female,9," 173,233.00 ",18,,5,1
1508,Female,76," 139,447.00 ",36,Artist,8,7
1509,Male,19," 179,269.00 ",93,Entertainment,6,3
1510,Female,84," 136,254.00 ",90,Engineer,5,6
1511,Male,38," 174,594.00 ",56,Executive,8,2
1512,Female,1," 100,429.00 ",19,Entertainment,9,1
1513,Female,30," 73,107.00 ",48,Artist,9,1
1514,Female,86," 98,344.00 ",25,Artist,6,6
1515,Male,21," 163,509.00 ",21,Healthcare,10,1
1516,Male,15," 116,204.00 ",16,Engineer,8,2
1517,Female,87," 95,853.00 ",53,Healthcare,9,1
1518,Male,40," 156,411.00 ",70,Artist,6,5
1519,Male,2," 72,889.00 ",36,Homemaker,5,7
1520,Female,63," 106,691.00 ",79,Healthcare,9,3
1521,Male,26," 144,832.00 ",42,Artist,5,3
1522,Male,29," 132,297.00 ",53,Entertainment,8,1
1523,Female,7," 170,345.00 ",3,Executive,9,5
1524,Male,28," 157,383.00 ",13,Lawyer,8,2
1525,Female,99," 150,782.00 ",18,Executive,8,2
1526,Male,69," 143,987.00 ",87,Healthcare,10,5
1527,Female,13," 129,659.00 ",59,Entertainment,6,7
1528,Male,73," 104,826.00 ",36,Healthcare,5,1
1529,Female,4," 181,471.00 ",59,Healthcare,10,4
1530,Female,42," 152,547.00 ",56,Artist,7,4
1531,Male,43," 85,347.00 ",9,Doctor,1,1
1532,Female,79," 122,828.00 ",32,Executive,0,5
1533,Male,18," 107,794.00 ",17,Engineer,0,5
1534,Male,39," 152,566.00 ",11,Entertainment,1,7
1535,Female,41," 91,715.00 ",99,Entertainment,0,3
1536,Female,60," 99,222.00 ",48,Artist,1,6
1537,Female,39," 70,280.00 ",99,Engineer,0,4
1538,Female,90," 70,030.00 ",86,Healthcare,1,2
1539,Female,83," 102,083.00 ",24,Artist,1,1
1540,Female,92," 166,163.00 ",87,Engineer,8,5
1541,Female,6," 182,871.00 ",27,Engineer,8,6
1542,Male,50," 187,545.00 ",61,Executive,4,6
1543,Male,90," 182,910.00 ",86,Entertainment,0,1
1544,Female,13," 174,530.00 ",30,Lawyer,1,6
1545,Female,27," 115,438.00 ",37,Artist,0,6
1546,Female,93," 93,964.00 ",80,Artist,4,2
1547,Female,61," 180,341.00 ",75,Healthcare,1,3
1548,Female,91," 107,323.00 ",1,Engineer,7,7
1549,Female,79," 119,435.00 ",55,Entertainment,0,7
1550,Female,80," 68,341.00 ",22,Artist,13,6
1551,Female,16," 95,365.00 ",60,Artist,0,5
1552,Male,4," 131,093.00 ",79,Lawyer,1,7
1553,Female,34," 100,621.00 ",3,Healthcare,1,1
1554,Male,10," 116,521.00 ",47,Doctor,0,2
1555,Female,3," 136,316.00 ",88,Executive,0,3
1556,Male,96," 172,039.00 ",51,Lawyer,0,6
1557,Female,48," 70,844.00 ",22,Entertainment,0,3
1558,Male,25," 100,964.00 ",96,Marketing,1,6
1559,Female,98," 128,037.00 ",39,Entertainment,6,2
1560,Male,84," 97,081.00 ",75,Marketing,1,3
1561,Male,88," 92,247.00 ",47,Marketing,0,6
1562,Male,86," 129,914.00 ",92,Artist,1,3
1563,Female,0," 94,014.00 ",53,Engineer,9,5
1564,Female,56," 138,864.00 ",93,Artist,0,5
1565,Male,6," 169,299.00 ",46,Marketing,1,5
1566,Male,2," 119,097.00 ",40,Healthcare,0,7
1567,Female,73," 68,161.00 ",23,Doctor,1,2
1568,Female,38," 181,108.00 ",32,Homemaker,1,1
1569,Male,37," 87,764.00 ",59,Engineer,9,7
1570,Female,41," 102,543.00 ",54,Artist,7,3
1571,Male,94," 139,417.00 ",13,Artist,1,3
1572,Female,57," 81,802.00 ",29,Homemaker,9,1
1573,Female,96," 102,788.00 ",51,Artist,0,1
1574,Female,59," 163,179.00 ",19,Healthcare,1,7
1575,Male,87," 71,318.00 ",22,Healthcare,1,3
1576,Male,55," 63,683.00 ",34,Healthcare,3,1
1577,Female,16," 189,689.00 ",37,Healthcare,8,5
1578,Male,82," 121,610.00 ",36,Artist,0,5
1579,Female,83," 150,682.00 ",25,Artist,1,1
1580,Female,96," 124,550.00 ",46,Marketing,0,3
1581,Male,55," 148,875.00 ",99,Artist,0,4
1582,Male,6," 107,117.00 ",44,Artist,1,3
1583,Male,33," 109,223.00 ",43,Engineer,1,5
1584,Female,0," 120,899.00 ",7,Marketing,2,6
1585,Female,27," 101,948.00 ",31,Artist,0,5
1586,Male,72," 143,169.00 ",58,Engineer,0,4
1587,Female,13," 167,619.00 ",4,Healthcare,7,6
1588,Female,19," 181,795.00 ",59,Healthcare,3,5
1589,Female,48," 186,445.00 ",41,Engineer,0,1
1590,Female,58," 102,205.00 ",24,Artist,1,1
1591,Female,21," 52,326.00 ",69,Healthcare,0,2
1592,Male,91," 82,992.00 ",5,Entertainment,1,5
1593,Male,44," 145,520.00 ",55,Homemaker,1,7
1594,Female,80," 104,820.00 ",96,Artist,2,4
1595,Female,28," 69,025.00 ",79,Entertainment,0,2
1596,Male,74," 164,976.00 ",89,Entertainment,0,4
1597,Female,79," 178,576.00 ",51,Executive,5,5
1598,Female,42," 72,415.00 ",52,Marketing,0,5
1599,Male,80," 112,146.00 ",24,Entertainment,0,3
1600,Male,8," 144,830.00 ",43,Artist,0,1
1601,Female,24," 51,661.00 ",79,Entertainment,0,7
1602,Female,71," 152,910.00 ",90,Artist,1,6
1603,Male,1," 114,556.00 ",64,Entertainment,0,7
1604,Male,0," 143,455.00 ",62,Healthcare,1,6
1605,Male,30," 173,096.00 ",92,Healthcare,0,3
1606,Female,52," 121,172.00 ",97,Healthcare,5,4
1607,Female,34," 56,492.00 ",15,Homemaker,8,1
1608,Male,64," 156,422.00 ",39,Entertainment,1,7
1609,Male,17," 131,863.00 ",94,Artist,1,7
1610,Male,71," 118,096.00 ",36,Lawyer,0,3
1611,Male,87," 149,685.00 ",30,Executive,9,6
1612,Female,68," 89,765.00 ",28,Artist,0,7
1613,Female,14," 177,701.00 ",49,Entertainment,0,6
1614,Male,24," 64,738.00 ",67,Artist,0,6
1615,Female,10," 92,734.00 ",28,Lawyer,1,4
1616,Female,53," 146,877.00 ",47,Healthcare,4,3
1617,Female,39," 62,935.00 ",60,Artist,0,7
1618,Female,16," 67,178.00 ",17,Entertainment,8,3
1619,Female,64," 115,754.00 ",35,Engineer,1,3
1620,Female,41," 186,470.00 ",21,Artist,0,7
1621,Male,16," 100,939.00 ",34,Healthcare,7,6
1622,Female,94," 86,172.00 ",55,Artist,4,4
1623,Female,40," 184,222.00 ",17,Healthcare,0,2
1624,Male,81," 71,543.00 ",1,Entertainment,1,4
1625,Female,18," 174,836.00 ",63,Healthcare,0,4
1626,Female,78," 130,706.00 ",72,,3,6
1627,Male,8," 74,407.00 ",100,Doctor,0,6
1628,Male,64," 130,055.00 ",46,Healthcare,2,1
1629,Male,45," 88,707.00 ",81,Healthcare,0,5
1630,Male,99," 162,762.00 ",52,Healthcare,1,1
1631,Male,59," 154,821.00 ",77,Doctor,0,2
1632,Male,53," 57,248.00 ",66,Lawyer,5,5
1633,Female,66," 99,902.00 ",54,Engineer,10,2
1634,Female,1," 165,711.00 ",50,Artist,1,2
1635,Male,73," 97,455.00 ",55,,6,4
1636,Female,34," 93,866.00 ",43,Entertainment,9,2
1637,Female,1," 141,307.00 ",17,Healthcare,1,3
1638,Male,73," 172,011.00 ",9,Doctor,1,5
1639,Male,90," 68,138.00 ",18,Healthcare,2,7
1640,Female,32," 123,246.00 ",100,Homemaker,8,6
1641,Female,47," 124,194.00 ",32,Doctor,1,7
1642,Male,15," 188,696.00 ",87,Homemaker,8,3
1643,Female,78," 91,213.00 ",84,Lawyer,3,5
1644,Female,83," 166,650.00 ",99,Healthcare,1,3
1645,Male,2," 52,727.00 ",60,Artist,1,3
1646,Male,75," 126,469.00 ",86,Entertainment,1,2
1647,Male,45," 138,775.00 ",17,Executive,0,7
1648,Female,49," 68,901.00 ",70,Doctor,7,7
1649,Female,41," 118,621.00 ",7,Homemaker,0,7
1650,Male,34," 109,263.00 ",77,Entertainment,0,1
1651,Male,82," 150,012.00 ",83,Healthcare,3,6
1652,Male,37," 133,850.00 ",85,Marketing,9,3
1653,Female,25," 81,640.00 ",95,Entertainment,1,6
1654,Female,52," 133,214.00 ",1,Marketing,9,7
1655,Female,23," 186,723.00 ",42,Entertainment,8,5
1656,Female,96," 92,100.00 ",23,Artist,9,3
1657,Male,5," 64,484.00 ",10,Homemaker,0,5
1658,Female,47," 69,024.00 ",3,Healthcare,4,5
1659,Male,81," 171,194.00 ",55,Artist,0,5
1660,Female,4," 183,282.00 ",34,Artist,1,1
1661,Female,8," 100,099.00 ",74,Healthcare,1,3
1662,Female,35," 164,435.00 ",26,Lawyer,1,3
1663,Male,67," 172,407.00 ",60,Doctor,9,3
1664,Female,9," 84,781.00 ",14,Executive,1,3
1665,Male,82," 186,130.00 ",61,Lawyer,3,7
1666,Female,2," 56,782.00 ",10,Artist,9,5
1667,Male,95," 137,206.00 ",4,Artist,0,4
1668,Female,9," 146,950.00 ",92,Doctor,6,5
1669,Female,99," 174,275.00 ",4,Healthcare,0,2
1670,Male,96," 97,705.00 ",41,Homemaker,8,2
1671,Male,92," 188,984.00 ",69,Lawyer,1,4
1672,Male,24," 119,238.00 ",55,Artist,1,3
1673,Male,58," 87,923.00 ",19,Entertainment,0,5
1674,Male,15," 128,573.00 ",97,Executive,1,1
1675,Female,13," 132,374.00 ",96,Marketing,0,3
1676,Female,51," 135,164.00 ",75,Artist,9,3
1677,Male,9," 165,194.00 ",10,Artist,8,3
1678,Male,0," 126,060.00 ",92,Doctor,1,3
1679,Male,67," 89,366.00 ",55,Healthcare,9,3
1680,Male,58," 95,172.00 ",77,Healthcare,1,5
1681,Female,55," 95,975.00 ",49,Executive,0,1
1682,Female,52," 165,573.00 ",59,Healthcare,0,7
1683,Male,83," 180,887.00 ",59,Entertainment,1,1
1684,Female,83," 142,720.00 ",86,Executive,0,1
1685,Female,90," 113,460.00 ",54,Lawyer,1,7
1686,Male,87," 110,434.00 ",20,Artist,7,3
1687,Female,67," 146,016.00 ",38,Artist,1,6
1688,Male,81," 101,073.00 ",67,Executive,0,7
1689,Female,36," 62,617.00 ",10,Artist,9,3
1690,Female,51," 96,028.00 ",37,Artist,0,5
1691,Female,31," 186,334.00 ",37,Artist,0,1
1692,Female,57," 163,473.00 ",52,Artist,0,1
1693,Male,83," 89,819.00 ",59,Artist,4,2
1694,Female,51," 69,388.00 ",33,Engineer,3,4
1695,Female,15," 134,748.00 ",76,Marketing,1,6
1696,Female,18," 149,915.00 ",94,Doctor,14,1
1697,Female,88," 104,098.00 ",48,Healthcare,1,6
1698,Male,70," 80,160.00 ",10,Artist,8,5
1699,Male,9," 124,125.00 ",91,Artist,1,2
1700,Male,6," 170,226.00 ",31,Lawyer,0,3
1701,Female,8," 53,306.00 ",98,Engineer,0,2
1702,Male,55," 103,933.00 ",31,Executive,6,3
1703,Female,69," 85,401.00 ",10,Entertainment,4,6
1704,Female,18," 53,812.00 ",32,Homemaker,9,5
1705,Female,13," 60,771.00 ",50,Entertainment,1,7
1706,Female,69," 56,398.00 ",75,Entertainment,8,3
1707,Female,69," 171,118.00 ",91,Engineer,9,3
1708,Male,69," 79,806.00 ",73,Healthcare,0,5
1709,Female,89," 150,187.00 ",35,Healthcare,0,5
1710,Female,45," 129,455.00 ",14,Lawyer,0,3
1711,Female,75," 116,813.00 ",72,Entertainment,10,6
1712,Female,54," 95,734.00 ",39,Homemaker,8,7
1713,Male,33," 76,654.00 ",48,Artist,4,1
1714,Male,67," 86,289.00 ",96,Artist,1,5
1715,Male,26," 176,147.00 ",19,Healthcare,0,1
1716,Female,5," 142,351.00 ",97,Entertainment,0,7
1717,Male,65," 186,673.00 ",51,Doctor,1,1
1718,Female,94," 131,521.00 ",62,Artist,0,6
1719,Female,95," 50,223.00 ",15,Entertainment,8,1
1720,Female,48," 74,308.00 ",23,Entertainment,1,2
1721,Female,41," 155,881.00 ",22,Lawyer,0,7
1722,Female,92," 168,303.00 ",16,Executive,9,4
1723,Male,44," 182,748.00 ",58,Engineer,1,7
1724,Female,35," 52,374.00 ",73,Artist,1,1
1725,Female,34," 86,154.00 ",17,Doctor,1,2
1726,Female,52," 163,612.00 ",51,Executive,0,5
1727,Female,64," 64,756.00 ",17,Marketing,10,1
1728,Male,62," 185,257.00 ",58,Artist,1,4
1729,Male,58," 78,669.00 ",75,Artist,1,7
1730,Male,15," 164,520.00 ",47,Artist,1,7
1731,Female,65," 92,135.00 ",49,Homemaker,6,4
1732,Male,20," 103,195.00 ",68,Doctor,0,7
1733,Female,21," 161,663.00 ",36,Executive,1,7
1734,Female,79," 57,039.00 ",34,Artist,2,6
1735,Female,91," 54,754.00 ",4,Artist,0,2
1736,Female,92," 136,531.00 ",76,Engineer,1,4
1737,Male,62," 120,838.00 ",79,Artist,1,4
1738,Male,94," 127,927.00 ",48,Doctor,0,4
1739,Male,10," 164,214.00 ",77,Lawyer,0,4
1740,Female,53," 145,498.00 ",66,Artist,8,4
1741,Male,7," 129,215.00 ",69,Entertainment,9,6
1742,Female,92," 152,429.00 ",76,Entertainment,0,2
1743,Female,12," 89,252.00 ",31,Entertainment,0,5
1744,Female,31," 147,447.00 ",23,Doctor,6,7
1745,Female,93," 74,467.00 ",33,Lawyer,5,1
1746,Female,66," 127,410.00 ",37,Engineer,8,2
1747,Male,49," 91,290.00 ",44,Healthcare,7,7
1748,Female,64," 92,812.00 ",97,Artist,5,7
1749,Female,27," 170,166.00 ",18,Artist,10,4
1750,Female,33," 150,823.00 ",75,Artist,4,1
1751,Male,79," 95,839.00 ",30,Executive,7,2
1752,Female,14," 60,175.00 ",60,Executive,9,7
1753,Female,22," 153,024.00 ",91,Artist,10,7
1754,Female,8," 116,858.00 ",67,Artist,5,7
1755,Female,6," 122,961.00 ",47,Doctor,8,2
1756,Male,81," 141,471.00 ",45,Artist,8,6
1757,Male,69," 76,155.00 ",14,Healthcare,8,7
1758,Male,0," 108,169.00 ",24,Executive,10,3
1759,Female,61," 139,520.00 ",39,Artist,8,4
1760,Male,62," 182,631.00 ",52,Artist,5,3
1761,Female,95," 177,134.00 ",78,Healthcare,10,2
1762,Female,32," 181,703.00 ",54,Lawyer,6,2
1763,Female,13," 61,917.00 ",16,Artist,7,2
1764,Female,1," 140,648.00 ",36,Executive,9,7
1765,Female,63," 176,783.00 ",40,Doctor,9,4
1766,Male,75," 59,741.00 ",67,Artist,10,5
1767,Female,43," 156,567.00 ",89,Engineer,7,6
1768,Female,29," 110,309.00 ",21,Artist,6,2
1769,Female,82," 111,077.00 ",55,Artist,9,7
1770,Female,87," 170,333.00 ",96,Entertainment,4,2
1771,Male,66," 183,339.00 ",39,Artist,7,4
1772,Female,99," 84,167.00 ",46,Artist,10,7
1773,Female,54," 184,815.00 ",50,Lawyer,6,3
1774,Female,49," 122,556.00 ",74,Artist,9,7
1775,Female,60," 174,768.00 ",66,Entertainment,9,2
1776,Male,75," 172,309.00 ",82,Executive,4,1
1777,Male,77," 117,920.00 ",4,Doctor,10,4
1778,Male,34," 134,882.00 ",61,Artist,10,3
1779,Female,63," 77,259.00 ",11,Lawyer,6,6
1780,Male,38," 170,019.00 ",38,Artist,7,2
1781,Female,68," 176,884.00 ",94,Engineer,10,2
1782,Female,80," 106,709.00 ",93,Marketing,10,2
1783,Female,8," 168,723.00 ",31,Homemaker,7,2
1784,Female,86," 90,228.00 ",68,Engineer,7,5
1785,Female,1," 89,473.00 ",85,Lawyer,10,4
1786,Male,56," 131,911.00 ",42,Healthcare,7,7
1787,Female,14," 140,107.00 ",63,Marketing,6,6
1788,Female,4," 170,403.00 ",44,Artist,4,5
1789,Female,58," 51,416.00 ",46,,7,5
1790,Female,6," 52,648.00 ",2,Artist,5,2
1791,Male,17," 125,471.00 ",48,Engineer,7,1
1792,Female,55," 106,153.00 ",62,Artist,10,1
1793,Male,14," 124,785.00 ",28,Lawyer,7,2
1794,Female,22," 101,474.00 ",14,Homemaker,10,2
1795,Female,8," 141,359.00 ",65,Healthcare,4,5
1796,Female,70," 57,596.00 ",96,Artist,4,1
1797,Female,67," 78,489.00 ",81,Artist,7,5
1798,Male,50," 112,957.00 ",71,Executive,5,3
1799,Male,72," 82,377.00 ",37,Engineer,9,2
1800,Male,76," 82,315.00 ",53,Engineer,6,1
1801,Male,80," 93,253.00 ",51,Artist,4,5
1802,Male,20," 189,650.00 ",60,Lawyer,8,4
1803,Female,89," 114,858.00 ",53,Artist,10,1
1804,Female,18," 62,151.00 ",18,Artist,8,2
1805,Female,75," 135,159.00 ",12,Engineer,7,6
1806,Female,5," 126,263.00 ",55,Marketing,6,3
1807,Female,79," 123,064.00 ",41,Artist,10,4
1808,Female,31," 181,773.00 ",40,Healthcare,8,1
1809,Male,92," 171,794.00 ",65,Artist,6,5
1810,Female,15," 156,339.00 ",27,Homemaker,6,2
1811,Male,94," 65,483.00 ",84,Marketing,10,7
1812,Female,35," 145,654.00 ",22,Executive,6,3
1813,Female,68," 91,609.00 ",43,Entertainment,8,1
1814,Female,29," 53,002.00 ",73,Lawyer,5,5
1815,Male,87," 115,699.00 ",61,Healthcare,9,1
1816,Male,33," 149,609.00 ",44,Executive,9,2
1817,Female,29," 165,254.00 ",7,Executive,9,7
1818,Male,43," 50,418.00 ",49,Healthcare,5,1
1819,Male,43," 103,531.00 ",90,Artist,10,5
1820,Female,66," 184,060.00 ",98,Artist,10,5
1821,Male,23," 75,961.00 ",70,Executive,5,7
1822,Male,87," 174,163.00 ",28,Artist,4,2
1823,Female,81," 105,255.00 ",54,Executive,8,3
1824,Male,42," 51,860.00 ",4,Lawyer,4,5
1825,Female,32," 185,218.00 ",83,Healthcare,4,6
1826,Male,7," 189,709.00 ",18,Artist,6,6
1827,Female,91," 134,665.00 ",66,Artist,7,2
1828,Male,95," 91,352.00 ",9,Doctor,7,3
1829,Female,10," 154,623.00 ",21,Artist,6,6
1830,Female,20," 113,767.00 ",88,Artist,6,2
1831,Male,5," 160,469.00 ",61,Lawyer,8,1
1832,Female,84," 99,418.00 ",27,Artist,4,2
1833,Male,54," 56,215.00 ",34,Healthcare,10,4
1834,Male,12," 55,639.00 ",63,Healthcare,8,1
1835,Female,90," 62,504.00 ",99,Artist,10,4
1836,Female,19," 151,382.00 ",38,Lawyer,1,1
1837,Female,91," 156,574.00 ",96,Marketing,0,7
1838,Female,90," 60,998.00 ",35,Entertainment,1,7
1839,Female,60," 108,509.00 ",36,Doctor,0,2
1840,Female,68," 85,540.00 ",49,Homemaker,9,1
1841,Female,43," 73,915.00 ",47,Artist,11,2
1842,Male,52," 148,901.00 ",77,Healthcare,4,4
1843,Male,81," 152,602.00 ",91,Entertainment,0,1
1844,Female,54," 58,999.00 ",22,Entertainment,7,3
1845,Female,43," 133,740.00 ",37,Artist,5,4
1846,Female,20," 113,217.00 ",41,Lawyer,9,1
1847,Female,71," 60,209.00 ",46,Artist,1,3
1848,Female,26," 145,491.00 ",72,Entertainment,9,5
1849,Female,75," 61,393.00 ",65,Doctor,7,5
1850,Female,52," 133,252.00 ",55,Artist,1,1
1851,Female,40," 187,234.00 ",14,Doctor,0,5
1852,Male,5," 145,563.00 ",60,Entertainment,9,6
1853,Female,46," 165,810.00 ",38,Healthcare,3,5
1854,Male,98," 125,181.00 ",30,Artist,0,7
1855,Female,84," 56,809.00 ",96,Healthcare,1,2
1856,Male,35," 69,419.00 ",68,Healthcare,9,1
1857,Female,78," 70,689.00 ",54,Artist,1,4
1858,Male,64," 55,011.00 ",53,Artist,1,7
1859,Female,98," 87,955.00 ",79,Engineer,0,2
1860,Male,66," 153,660.00 ",24,Healthcare,0,5
1861,Male,32," 104,494.00 ",28,Healthcare,6,4
1862,Male,22," 184,443.00 ",44,Executive,3,7
1863,Female,17," 150,778.00 ",35,Entertainment,1,7
1864,Female,22," 88,729.00 ",81,Engineer,1,1
1865,Male,9," 151,902.00 ",18,Artist,0,2
1866,Male,24," 51,604.00 ",4,Artist,0,2
1867,Female,8," 157,316.00 ",75,Artist,9,3
1868,Female,52," 125,508.00 ",15,Artist,1,6
1869,Male,62," 186,157.00 ",54,Healthcare,1,1
1870,Female,37," 169,381.00 ",45,Entertainment,0,4
1871,Male,68," 110,195.00 ",47,Homemaker,9,2
1872,Female,63," 81,199.00 ",80,Entertainment,1,2
1873,Female,15," 58,459.00 ",67,Executive,0,6
1874,Female,44," 173,682.00 ",89,Artist,12,6
1875,Male,18," 162,983.00 ",16,Entertainment,0,6
1876,Male,30," 94,480.00 ",1,Executive,0,4
1877,Female,69," 168,710.00 ",80,Doctor,1,4
1878,Male,16," 150,193.00 ",83,Engineer,2,2
1879,Female,71," 91,823.00 ",74,Artist,1,4
1880,Female,24," 173,091.00 ",24,Entertainment,6,2
1881,Male,57," 102,692.00 ",94,Healthcare,0,2
1882,Male,97," 156,812.00 ",77,Healthcare,0,6
1883,Male,68," 51,468.00 ",48,Artist,0,3
1884,Female,11," 114,071.00 ",37,Healthcare,0,2
1885,Female,63," 155,638.00 ",81,,1,4
1886,Male,68," 129,971.00 ",61,Artist,8,3
1887,Female,69," 104,160.00 ",77,Engineer,4,4
1888,Female,77," 124,995.00 ",66,Healthcare,0,1
1889,Female,73," 180,437.00 ",50,Entertainment,1,5
1890,Female,19," 134,644.00 ",96,Executive,1,2
1891,Female,1," 130,089.00 ",67,Artist,0,5
1892,Male,71," 149,318.00 ",27,Artist,4,1
1893,Male,6," 125,591.00 ",79,Healthcare,8,6
1894,Female,68," 173,047.00 ",17,Healthcare,0,3
1895,Female,39," 61,298.00 ",91,Artist,0,5
1896,Male,75," 132,993.00 ",55,Entertainment,8,2
1897,Female,65," 72,313.00 ",36,Lawyer,1,5
1898,Female,30," 84,885.00 ",9,Entertainment,6,5
1899,Male,46," 126,228.00 ",95,Marketing,8,2
1900,Male,40," 51,199.00 ",29,Executive,7,7
1901,Female,40," 54,631.00 ",70,Artist,0,6
1902,Female,20," 131,810.00 ",16,Healthcare,5,7
1903,Male,88," 138,482.00 ",59,Marketing,8,4
1904,Male,85," 74,081.00 ",87,Healthcare,4,3
1905,Male,94," 112,426.00 ",54,Engineer,9,6
1906,Female,52," 164,038.00 ",53,,5,4
1907,Female,68," 53,552.00 ",97,Marketing,7,6
1908,Male,15," 142,147.00 ",78,Artist,8,4
1909,Male,4," 180,324.00 ",41,Artist,9,2
1910,Male,59," 149,067.00 ",78,Doctor,9,7
1911,Male,32," 184,408.00 ",38,Entertainment,6,7
1912,Female,8," 59,116.00 ",45,Artist,10,6
1913,Female,92," 174,786.00 ",94,Executive,4,3
1914,Male,9," 71,076.00 ",2,Artist,8,1
1915,Female,41," 56,837.00 ",4,Healthcare,8,4
1916,Female,18," 134,752.00 ",47,Engineer,6,5
1917,Female,78," 112,887.00 ",80,Entertainment,9,6
1918,Female,0," 73,128.00 ",74,Artist,7,5
1919,Female,11," 152,765.00 ",17,Healthcare,8,1
1920,Female,36," 140,637.00 ",19,Executive,8,7
1921,Male,46," 137,973.00 ",50,Healthcare,7,7
1922,Female,95," 126,791.00 ",34,Artist,6,4
1923,Female,97," 75,125.00 ",89,Executive,8,3
1924,Male,2," 101,718.00 ",11,Executive,8,3
1925,Female,94," 69,654.00 ",30,Homemaker,4,4
1926,Female,0," 105,935.00 ",46,Doctor,4,5
1927,Male,3," 74,607.00 ",69,Healthcare,6,1
1928,Male,77," 151,985.00 ",29,Healthcare,4,7
1929,Male,70," 76,892.00 ",64,Executive,5,2
1930,Male,58," 87,602.00 ",25,Executive,5,3
1931,Male,72," 182,317.00 ",46,Healthcare,8,6
1932,Male,90," 158,280.00 ",92,Executive,6,7
1933,Female,23," 59,905.00 ",79,,7,5
1934,Female,87," 128,153.00 ",42,Artist,7,6
1935,Male,64," 142,612.00 ",58,Doctor,4,6
1936,Female,15," 180,163.00 ",9,Doctor,10,7
1937,Female,14," 68,009.00 ",17,Artist,9,3
1938,Male,54," 166,183.00 ",65,Artist,7,6
1939,Male,76," 132,537.00 ",44,Doctor,5,3
1940,Female,76," 146,308.00 ",49,Artist,5,1
1941,Female,52," 63,454.00 ",38,Artist,5,5
1942,Male,96," 110,519.00 ",6,Artist,9,4
1943,Female,55," 66,728.00 ",50,Healthcare,10,5
1944,Female,54," 170,638.00 ",64,Artist,4,5
1945,Male,19," 129,635.00 ",100,Artist,6,4
1946,Male,29," 133,587.00 ",74,Marketing,5,3
1947,Male,96," 126,225.00 ",47,Engineer,7,4
1948,Female,20," 148,776.00 ",21,Artist,8,5
1949,Female,91," 142,602.00 ",64,Lawyer,7,6
1950,Male,37," 102,413.00 ",38,Healthcare,5,5
1951,Male,42," 68,765.00 ",69,Entertainment,4,1
1952,Male,1," 57,522.00 ",75,Artist,10,5
1953,Female,58," 149,237.00 ",80,Entertainment,8,6
1954,Female,42," 184,844.00 ",24,Entertainment,6,1
1955,Female,48," 131,656.00 ",45,Lawyer,9,6
1956,Female,11," 181,026.00 ",39,Marketing,6,2
1957,Male,59," 101,698.00 ",87,Artist,9,3
1958,Female,45," 152,560.00 ",32,Entertainment,9,2
1959,Male,73," 142,502.00 ",97,Doctor,5,1
1960,Female,85," 155,432.00 ",21,Engineer,4,6
1961,Female,70," 108,544.00 ",49,Entertainment,4,5
1962,Female,52," 106,530.00 ",46,Engineer,7,2
1963,Male,70," 124,359.00 ",51,Homemaker,7,7
1964,Female,88," 146,970.00 ",90,Artist,7,6
1965,Male,61," 182,176.00 ",96,Artist,9,5
1966,Female,46," 114,435.00 ",34,Artist,8,3
1967,Male,65," 134,213.00 ",32,Homemaker,8,4
1968,Female,84," 115,580.00 ",73,Entertainment,8,5
1969,Female,76," 124,034.00 ",88,Executive,10,2
1970,Male,31," 67,894.00 ",42,Doctor,9,1
1971,Male,55," 107,099.00 ",89,Executive,4,6
1972,Male,45," 140,263.00 ",88,Entertainment,10,5
1973,Male,98," 104,249.00 ",12,Engineer,5,2
1974,Male,40," 168,821.00 ",36,Executive,4,5
1975,Female,14," 153,145.00 ",59,Healthcare,8,6
1976,Female,41," 128,960.00 ",43,Executive,9,4
1977,Male,60," 127,438.00 ",82,Engineer,7,2
1978,Male,60," 125,968.00 ",100,Lawyer,8,2
1979,Male,84," 104,589.00 ",85,Artist,10,2
1980,Male,0," 165,321.00 ",93,Doctor,8,1
1981,Female,10," 86,925.00 ",76,Artist,7,2
1982,Female,62," 149,797.00 ",19,Artist,5,6
1983,Male,33," 137,094.00 ",68,Lawyer,4,1
1984,Female,52," 55,395.00 ",41,Marketing,10,1
1985,Female,2," 153,622.00 ",51,Lawyer,6,6
1986,Male,27," 74,050.00 ",44,Entertainment,8,1
1987,Female,4," 68,094.00 ",61,Doctor,4,7
1988,Male,63," 59,244.00 ",80,Artist,7,1
1989,Female,54," 118,944.00 ",77,Artist,4,4
1990,Female,47," 75,293.00 ",55,Doctor,6,7
1991,Female,30," 166,983.00 ",69,Artist,7,3
1992,Female,97," 129,444.00 ",96,Entertainment,5,6
1993,Male,94," 181,183.00 ",24,Marketing,9,3
1994,Female,64," 175,254.00 ",100,Artist,9,5
1995,Female,19," 54,121.00 ",89,Engineer,6,3
1996,Female,71," 184,387.00 ",40,Artist,8,7
1997,Female,91," 73,158.00 ",32,Doctor,7,7
1998,Male,87," 90,961.00 ",14,Healthcare,9,2
1999,Male,77," 182,109.00 ",4,Executive,7,2
2000,Male,90," 110,610.00 ",52,Entertainment,5,2
